;normalised_date;sentiment_asociacones;sentiment_ibex;madrid_change
1;2017-01-24;0.03174219646280513;-0.00041969674384750855;1.26098127920196
2;2017-01-25;-0.007774171937434404;-0.432035522584556;1.61497179871323
3;2017-01-26;-0.038962417345776046;0.4794455195466677;-0.810021423030837
4;2017-01-27;0.04686202720242755;-0.4177069912354151;-0.140292279066529
5;2017-01-30;-0.008826421251795058;0.47861330211162567;-1.3852654603446002
6;2017-01-31;-0.054638894998325305;-0.15765086524576571;0.38558552557947395
7;2017-02-01;0.0709296546093986;-0.05544752212119336;-0.124540840201494
8;2017-02-02;0.012502566901686607;-0.03033955149571521;1.0948869589147
9;2017-02-03;-0.09820327076459612;-0.08990326763984438;0.58604795085359
10;2017-02-06;0.0858736918420786;0.005946382027468722;-1.56814621132202
11;2017-02-07;0.008585774464089813;0.04880008846521375;-0.718344398929843
12;2017-02-08;-0.004069031892487696;0.05150405539704178;-0.0592739699493594
13;2017-02-09;0.013841401161950706;-0.03062525986266945;0.7549829905953052
14;2017-02-10;-0.0554117313774628;0.1629965313606792;-0.920354777520899
15;2017-02-13;-0.015597310925919816;-0.03239176132612759;0.7354666144861579
16;2017-02-14;0.06977768776552251;-0.06640751551822183;0.0804935946247365
17;2017-02-15;-0.010360684271660203;-0.10122519421506121;1.04769401804222
18;2017-02-16;-0.0018918314081894372;0.13979204946918838;0.27684574239813803
19;2017-02-17;-0.06430878034396198;0.02321282106050454;-0.9483385345262709
20;2017-02-20;-0.007374987124921684;-0.07864797813106184;0.264447267347638
21;2017-02-21;0.02953777181597167;0.27847680673003194;-0.304005979207346
22;2017-02-22;0.041753777835448036;-0.3718708617612719;-0.8439184848456172
23;2017-02-23;-0.019743289968619626;-0.011091478613837358;0.368642414549564
24;2017-02-24;0.050806865577845084;0.2277741230310702;-0.46825860061373203
25;2017-02-27;-0.09894194807194073;-0.23529316596536118;0.43631726797129294
26;2017-02-28;0.05702508933784045;0.0373046966449779;0.989833958128351
27;2017-03-01;-0.01953460876784635;0.23524128895205182;1.6282144844491002
28;2017-03-02;-0.017062963655235963;-0.2770286172654024;-0.9128979415337559
29;2017-03-03;0.025334225614016326;0.17110615918095898;1.42929932394861
30;2017-03-06;0.005972277748108157;-0.16393080140369415;0.193001307600508
31;2017-03-07;0.013410457965725209;0.2617175955098597;-0.0707943904473991
32;2017-03-08;-0.07512877116684158;-0.09768411141600647;0.140336254404002
33;2017-03-09;0.009735333751956732;-0.030810024818312076;1.90303516750852
34;2017-03-10;0.0016298302819186539;-0.0783713046534103;0.9531619500627541
35;2017-03-13;-0.018738741075370824;0.23946695633979598;-0.25002451912265
36;2017-03-14;0.04017759254035863;-0.045771514376004685;-1.3179796318726003
37;2017-03-15;-0.012578646753826583;-0.12563558667898167;0.8129390984535692
38;2017-03-16;0.04879307348958317;-0.004455476467098485;2.78311356762254
39;2017-03-17;0.012672136762141906;0.13565114832350184;1.0255636999962099
40;2017-03-20;0.028532085709781496;-0.2357005095109344;-0.413887099364262
41;2017-03-21;-0.06983226048677066;-0.25524075545243;0.7296177275594258
42;2017-03-22;0.0025348641733552446;0.3519300263292884;0.20583829227184103
43;2017-03-23;-0.020747118292103683;0.10173145767995351;0.6363085085679959
44;2017-03-24;0.02428210128296565;0.08700981363654137;0.102719394311614
45;2017-03-27;-0.02488130815947015;-0.039975667993227604;0.4606569719883621
46;2017-03-28;0.007330670711527432;-0.26067965974410373;0.575907862816193
47;2017-03-29;0.004221260991541853;0.1945885017048567;-0.9888072719858628
48;2017-03-30;0.030677757180313348;0.05842255855289602;-0.10599656938970899
49;2017-03-31;-0.014864311704243072;0.12228916833798087;0.39157835401188595
50;2017-04-03;-0.07220975873852414;-0.4015378987727066;-1.68051087649795
51;2017-04-04;0.09967968714291442;0.1555187514362236;0.252816278431026
52;2017-04-05;-0.00226080558271452;-0.045095862820744514;0.326411108873081
53;2017-04-06;-0.006983449742393066;-0.32356437016278505;1.05835220734647
54;2017-04-07;-0.0034956397907746073;0.2434934381744825;-0.550330299130319
55;2017-04-10;-0.0417145104753453;0.2544215205707587;-0.845314493576069
56;2017-04-11;0.032315074915965636;-0.09511027093976737;-0.0746032208684899
57;2017-04-12;-0.03612366903629194;-0.032157772406935625;-0.5860431188048829
58;2017-04-13;0.06054969916549885;0.1963095664978028;-0.214396600893337
59;2017-04-18;-0.06034074116025817;-0.33344323303451995;0.16534978156391
60;2017-04-19;0.019350951970083408;0.02453207655594708;1.14235233926353
61;2017-04-20;-0.0163103338244876;0.007417794298322622;0.33035907329902603
62;2017-04-21;0.06422753394453962;-0.09965399975263503;-0.467429562846001
63;2017-04-24;-0.015054467106226543;0.06891948518360994;5.269130293491
64;2017-04-25;-0.04817691373003541;0.052223925444080166;1.2005609806560902
65;2017-04-26;0.041074482813178326;0.0052718838937518275;-0.785745141327197
66;2017-04-27;-0.13060594647134022;0.041112088664588875;-0.7292414750892671
67;2017-04-28;0.09544795214982182;-0.03480710978118051;0.4796307014158379
68;2017-05-02;0.0582959275829234;-0.09025253367429259;1.06288966721885
69;2017-05-03;-0.105096716547043;0.06308952137997681;0.253433418587081
70;2017-05-04;0.008000011162829002;0.04835967409737846;2.08326109509439
71;2017-05-05;0.04986251416068477;-0.0317583447622482;1.2370235479003202
72;2017-05-08;0.06382806126367474;-0.03772230576408009;-0.836887708558251
73;2017-05-09;0.014832274463518202;0.03022301468831573;-0.795384620780346
74;2017-05-10;-0.044495604988117554;0.004324973232911977;-0.424847247443984
75;2017-05-11;0.051895873811506066;0.024989548036676357;-1.5470911262988
76;2017-05-12;-0.06429947940498104;0.014432555083262966;0.7581944047510201
77;2017-05-15;0.007396762935665269;-0.017488321217694336;1.1268157100482
78;2017-05-16;-0.03129654346612615;-0.02372789669872516;1.1575267723318998
79;2017-05-17;0.008804207632775896;0.06345455440468922;-1.3039832382112901
80;2017-05-18;0.017891239931791314;-0.053101936976246156;-1.1978920606228898
81;2017-05-19;0.03210609891224181;0.024417491093645938;2.05240130085401
82;2017-05-22;-0.009618433204919397;-0.05641615755858881;-0.0780865875695371
83;2017-05-23;-0.02895851563010554;0.08963552663299845;0.8093453891154719
84;2017-05-24;0.034007942904085264;-0.04359631816331416;-0.131469817027665
85;2017-05-25;-0.011326555791824788;-0.0069035546209944565;0.7013488002662099
86;2017-05-26;-0.005429565865265273;0.013752898593885399;-0.6944726726841091
87;2017-05-29;-0.0475773583579685;0.012089481098274069;-0.151838890588001
88;2017-05-30;0.03528557253110759;-0.020905141400325955;-0.13635538164448
89;2017-05-31;0.017397460582197932;0.01839059079182065;0.549288696405126
90;2017-06-01;-0.04635084277879542;-0.03046381424690714;-0.21106276340241398
91;2017-06-02;0.007315988171597287;0.0011205586616295227;0.7909389058012791
92;2017-06-05;-0.057409339625664135;0.024646672362620414;-0.3595076984268139
93;2017-06-06;0.04377892739919231;-0.05264007997044695;0.0494097324820514
94;2017-06-07;-0.03111883095289325;0.02121333573346096;-0.171551482420934
95;2017-06-08;0.057885812167809414;0.021479782639212075;0.560380179123931
96;2017-06-09;-0.0492454466229173;0.05260696652081881;0.11161411700563699
97;2017-06-12;-0.037120666777903544;-0.05542150399511242;-1.1150131712917999
98;2017-06-13;0.015733457766888947;0.009777535547035365;0.39737277553778405
99;2017-06-14;0.0832605171216082;0.03974263275393447;-0.292175233890579
100;2017-06-15;0.05615141889076486;-0.06539547743735169;-1.7915049528303701
101;2017-06-16;-0.08422358546268016;0.010902880783919489;0.899868518652941
102;2017-06-19;-0.025911025666703447;-0.03638239782768404;0.574104469873475
103;2017-06-20;0.03287647589717174;0.025421089092945548;-1.159603782372
104;2017-06-21;0.03496666703818868;-0.011933339980468471;0.148783830071697
105;2017-06-22;-0.0009147854561281643;-0.024014429464300657;-0.176865551516833
106;2017-06-23;-0.03573476403816073;0.012657311974956398;-0.36309494899419603
107;2017-06-26;0.0071125838402830155;-0.0342271434183746;0.548965474590582
108;2017-06-27;-0.02553384769028605;0.04417547010180092;0.652419510985001
109;2017-06-28;-0.014748771581829911;6.584693724581703e-05;1.0905032974311601
110;2017-06-29;-0.005532631013835443;0.010520042011240904;-1.09457714583204
111;2017-06-30;-0.03993591700755994;-0.016290623017389427;-1.22149252581525
112;2017-07-03;0.10019047276852583;-0.03303819034754801;1.07033993282897
113;2017-07-04;-0.00014651798459097698;0.029194026062986544;-0.4324352223381021
114;2017-07-05;-0.04848911647872145;0.032330688658942675;-0.534738623179973
115;2017-07-06;0.01233691707202228;-0.06395915687852033;0.48767314849539006
116;2017-07-07;-0.037495946054699525;0.000478372049971032;-0.192891963268029
117;2017-07-10;0.03512580863278275;-0.011826224392041229;0.0412945766433849
118;2017-07-11;-0.05938952335254677;0.02270749905626923;-0.194270075185786
119;2017-07-12;0.07997007316926841;0.027288905407339192;0.855542860863786
120;2017-07-13;0.022702409534437362;0.0011170200440929756;0.671642599812525
121;2017-07-14;-0.024716235196151015;0.004247225555660594;0.5416572791697
122;2017-07-17;-0.011509581485437848;-0.0013304696078030864;0.0639787025244493
123;2017-07-18;-0.010055038378945835;-0.005125157449179407;-0.331381298776456
124;2017-07-19;0.018283341303008294;-0.003323011385202468;0.20555939815156699
125;2017-07-20;0.01246730633834181;0.017027578638439456;0.8123648383271178
126;2017-07-21;0.06499990005578049;-0.03384329137595504;-1.0185951789087802
127;2017-07-24;-0.022133332004727724;0.002915328163967057;-0.0292205949070011
128;2017-07-25;-0.002880036417202747;-0.0017448760003843655;0.9210862544167909
129;2017-07-26;-0.09748842158823084;-0.004575373228543234;0.216911675841817
130;2017-07-27;0.06712478938617705;-0.007289862640692368;0.621287053713673
131;2017-07-28;-0.02160240368147004;0.0653288030836458;0.0246041140234277
132;2017-07-31;-0.02604427065664422;-0.08194359681155203;0.29886552994561
133;2017-08-01;0.0477738706128209;0.014919080334706153;0.733356124315453
134;2017-08-02;-0.03434774702290877;0.009266720299907272;-0.147220007662923
135;2017-08-03;-0.07474169269788844;0.012344076916969371;0.333839741125669
136;2017-08-04;-0.033395947854922614;-0.006953436393825174;0.00954899576579886
137;2017-08-07;0.15507147761788476;-0.020478946606499016;0.43688661816541796
138;2017-08-08;-0.06179743615377081;0.0331094113292561;0.225477793694742
139;2017-08-09;0.005514576020721362;-0.0233603085340654;-1.4004377651908202
140;2017-08-10;0.05042955439754637;0.002331111119456164;-1.30025317548159
141;2017-08-11;-0.04779119173811702;0.0006201610096474575;-1.06211267541755
142;2017-08-14;0.043026620568512086;-0.013752453015906774;1.5294746957498
143;2017-08-15;0.10655701175029547;-0.007971224576125757;-0.27648920932419
144;2017-08-16;-0.09104640394971475;0.03235008118374938;0.288272775847356
145;2017-08-17;-0.0020254766575876215;0.019699645963031198;-0.661628126105549
146;2017-08-18;-0.018715624303795364;-0.04815949476365036;-0.471516164858949
147;2017-08-21;0.008230249449861282;0.03744169441320147;0.340013359580409
148;2017-08-22;0.06839682881264003;-0.021410703880155202;-0.0131384492828629
149;2017-08-23;-0.14694650509183932;0.017168442386026106;-0.3489468291556189
150;2017-08-24;0.10657809583000283;-0.03579135955485893;0.21569517244577602
151;2017-08-25;-0.09221365764773909;0.013112094944547764;0.593067244772948
152;2017-08-28;0.022488784040304133;-0.009865751535415412;0.18162844953697
153;2017-08-29;0.025375461445783898;0.05300785909731298;-0.6284645733002371
154;2017-08-30;-0.051458721901345705;-0.008715646861600368;-0.428017099495293
155;2017-08-31;0.06447450616965333;-0.027538735971452732;0.42045948406426503
156;2017-09-01;-0.0236875941743232;0.07540579257449581;0.067119734270339
157;2017-09-04;0.012524922088001988;-0.055587286044791906;-0.505825373192029
158;2017-09-05;-0.022287059512212992;0.01287265092101586;-0.514636348527399
159;2017-09-06;0.029136869357517636;-0.015020289639933848;-0.237002376731968
160;2017-09-07;-0.0007638193261276238;0.015489389332958903;0.4076158896165471
161;2017-09-08;-0.022430511496680627;0.015212392134618613;0.35483361575151
162;2017-09-11;0.015134503522152232;-0.022637286629019204;1.42644504438762
163;2017-09-12;0.02185162041343519;-0.020670636827618327;0.0520393431219247
164;2017-09-13;-0.005954356329896826;0.044502856048889594;-0.343933475223528
165;2017-09-14;-0.009657960281276079;-0.018347471539853166;-0.0436885308514279
166;2017-09-15;-0.07697349622585697;-0.01177274526084654;0.060770728630818
167;2017-09-18;0.12313479366396257;-0.02172173209899969;0.176127595381194
168;2017-09-19;-0.07591750209125936;0.006502781534211022;0.7251402079692281
169;2017-09-20;-0.01809108173488977;-0.0071369516003430555;-0.594709432710042
170;2017-09-21;0.05631648992410593;0.050358572957775516;-0.42567218464001594
171;2017-09-22;0.011574998152188709;0.009236991534343209;0.19401394713682898
172;2017-09-25;0.012738686277032507;0.014235906057598557;-1.6428912010340901
173;2017-09-26;-0.023222809034784797;-0.07585085879009362;-0.7980133560375451
174;2017-09-27;-0.0192063050061983;0.053161545333757276;1.49932468021654
175;2017-09-28;0.07640362526423128;0.0016155465108307898;-0.110845031447541
176;2017-09-29;-0.07565260662174572;0.004995117440173336;0.695249300664095
177;2017-10-02;-0.04067357337673716;-0.04032566200450377;-1.7571986941539
178;2017-10-03;0.0681834843229483;0.03217180109254425;0.0967587182521899
179;2017-10-04;-0.08245855124301399;-0.03215732803835264;-2.8061953945529403
180;2017-10-05;0.17300411295361467;0.04769193355674478;2.01891297249245
181;2017-10-06;-0.03361808330445648;-0.006621835381463104;-0.10897722472804303
182;2017-10-09;-0.09349858305299141;0.011811346598449068;0.6536358322045079
183;2017-10-10;-0.04981046452753829;-0.041367369774968576;-0.528329228364836
184;2017-10-11;0.055404722371589;0.019776194246471424;1.72846506891004
185;2017-10-12;0.007238798266153701;-0.038356241775894695;-0.122744725631455
186;2017-10-13;0.031474535004649584;0.03262018061043359;-0.310674607252547
187;2017-10-16;-0.08798743205679732;-0.04439434512351076;-0.850342568188026
188;2017-10-17;0.030406054299782714;0.013894761856563242;-0.12484744139072002
189;2017-10-18;-0.03170125720553457;0.035396261387645234;0.8388857720791321
190;2017-10-19;0.07602311495180175;-0.004035084885969653;-0.352977076571241
191;2017-10-20;-0.0604070800091408;-0.013252034477693297;-0.16544902841645903
192;2017-10-23;-0.010244334483082485;0.025820741432967365;-0.9306739082997
193;2017-10-24;0.08531277562128231;-0.013159570214085425;0.6654158799371039
194;2017-10-25;-0.05300323454149419;0.010422700706183674;-0.115140682181642
195;2017-10-26;0.04154041577779516;0.025644723634091093;0.766688421342621
196;2017-10-27;-0.056275407722922;0.02550442237069961;-2.17304155650903
197;2017-10-30;-0.05381307195687168;-0.12407976882279323;2.7485310691225298
198;2017-10-31;0.061090880317427376;0.04773685673748604;0.949628647245815
199;2017-11-01;0.07649080626077076;0.051080850444465364;-0.30145390281958195
200;2017-11-02;-0.04391759624313635;-0.0546450482911926;-0.18554933217096803
201;2017-11-03;0.01960591847437365;0.005019872514853585;-1.38429152164
202;2017-11-06;0.008992638026133981;-0.013692483775453956;-0.23625293715659101
203;2017-11-07;-0.07431964964289983;0.0670888735992114;-1.00835273046033
204;2017-11-08;-0.029067912067575086;-0.04270428181716923;0.0524054259893816
205;2017-11-09;0.017611535411740376;0.010004378858587903;-0.49330760083390507
206;2017-11-10;0.02629599974960345;-0.01622494638138544;-0.279365072022549
207;2017-11-13;-0.025832753931185004;-1.0983037588396805e-05;-0.38517589050528706
208;2017-11-14;-0.02102395554385572;0.027466788740789838;0.41501618287002295
209;2017-11-15;0.08301880500335274;0.013532715894150282;0.38359189721619896
210;2017-11-16;-0.0682708765480522;-0.021803783730522663;0.49553768609516397
211;2017-11-17;0.025541709069341056;-0.010843049119569126;-0.478030913602344
212;2017-11-20;-0.04026013192361044;-0.041982806909232395;-0.299901581405143
213;2017-11-21;0.020396893930612447;0.004076722321862514;-0.338597196590124
214;2017-11-22;0.049063858092236234;0.07686891972527937;0.6712783113783639
215;2017-11-23;0.026967512003989835;-0.0414099550142315;0.673904369913806
216;2017-11-24;-0.12909930710747747;0.012837091452295224;0.886755235526205
217;2017-11-27;0.05073806018002358;-0.058489355596925086;-0.159157205031836
218;2017-11-28;0.07713904665368504;0.05164616652739057;0.502751675704177
219;2017-11-29;-0.06294075154702489;0.008231137966403124;1.02279387907354
220;2017-11-30;0.062369518184662576;-0.01824191979232148;-0.192891898912367
221;2017-12-01;-0.07458145704530539;-0.010979911400305353;-1.10187835949471
222;2017-12-04;0.07497025785266176;-0.03062931006512737;0.6267509738548349
223;2017-12-05;-0.12464989247345715;0.05053582893940639;-0.274481932275584
224;2017-12-06;0.07959961616333366;-0.020571251138876145;-0.406120468898654
225;2017-12-07;-0.013249132297621813;0.015009198545914038;0.7461141183430842
226;2017-12-08;0.11692486878018771;-0.025141800346780763;0.18200418431978
227;2017-12-11;-0.1197983969343514;0.0027197875702786867;0.176321191419186
228;2017-12-12;-0.026292567342115214;-0.08737467839509919;-0.71036626274343
229;2017-12-13;0.0007169491763071578;0.1458722246375432;0.0276916868478062
230;2017-12-14;-0.04493280086611606;0.03804708710055077;-0.5851168234422989
231;2017-12-15;-0.00760804231044343;-0.08539130817395552;-0.36788708251209495
232;2017-12-18;0.10511719544124065;-0.04017090238503293;1.13411457525751
233;2017-12-19;-0.008078686078425878;0.033449900497070556;0.219407412975123
234;2017-12-20;0.016955294762045048;0.0035072206138115347;0.15446413986705598
235;2017-12-21;-0.05566490601296381;-0.006838754642293832;0.8439261055683109
236;2017-12-22;0.02465632234042625;0.024034264683867657;-1.34214003342987
237;2017-12-27;-0.018499800019745605;0.026257395504186487;0.18711269779947895
238;2017-12-28;0.02132773744573213;-0.039221401718113835;-0.22505505645481003
239;2017-12-29;0.03777482423135109;-0.03618107007348342;0.102960830075849
240;2018-01-02;-0.0481434398760886;0.025556176836007582;0.452855684024147
241;2018-01-03;-0.025684433633997417;0.02335705147989614;0.18999494593722
242;2018-01-04;0.07368732342886458;-0.022885776283071535;2.4596190555309
243;2018-01-05;-0.03453846122083476;0.036762917025398134;0.643040058329549
244;2018-01-08;0.017232188022011263;-0.024555545306418347;-0.6701623891580649
245;2018-01-09;0.023559512244335;0.005238793140050824;-0.23235661342377498
246;2018-01-10;-0.018570794833674464;0.0020268162897634223;0.498666360927101
247;2018-01-11;0.03367354402831696;-0.03689250794250798;0.725655032856282
248;2018-01-12;-0.015525644191706267;0.012747293217306999;1.05982859137776
249;2018-01-15;-0.03793573394067862;-0.05591929591348094;1.21628886661605
250;2018-01-16;0.0644512752690653;0.04767118155587052;0.31977798401097196
251;2018-01-17;-0.029336438010855614;0.04169113743957176;-0.415781374000395
252;2018-01-18;-0.08749458016210776;-0.026412824700230597;-0.529611439829535
253;2018-01-19;0.006906880023691775;0.026217731885422313;0.411574114644318
254;2018-01-22;0.00309548653881353;-0.05042914918836661;1.08408788900963
255;2018-01-23;0.0245924698493456;0.025768283503557088;0.529145991875458
256;2018-01-24;0.02163376504103437;0.03687944833864121;0.495491620778646
257;2018-01-25;-0.03731100604624027;0.03010964831303109;1.13521650665588
258;2018-01-26;0.0052383388367368;-0.03935711840931916;-0.38062299960575996
259;2018-01-29;0.05641840011101357;-0.05511659495316362;-0.901168999987856
260;2018-01-30;-0.041142603386607524;0.03563265776286573;-0.942054048438908
261;2018-01-31;-0.01772264556473374;0.00033126175318781703;0.32182379454604804
262;2018-02-01;0.019310254535840954;-0.01513377152001033;0.00838854887814832
263;2018-02-02;0.017440313509964445;0.02153699360639949;-1.76902799209557
264;2018-02-05;-0.03636849713533913;-0.0020858421456306786;-1.75537506298727
265;2018-02-06;0.0865181526327361;-0.022603689716687025;-2.78636910887869
266;2018-02-07;-0.05169962978738768;-0.00013687746508034282;0.770062449221538
267;2018-02-08;0.03428625955157749;0.026161272155506066;-2.28878505208486
268;2018-02-09;-0.035278148793034814;-0.06117150729322943;-1.4911559134249
269;2018-02-12;0.02742179487235863;0.03706296274689749;1.9415853563147398
270;2018-02-13;-0.04025096364087044;0.017843039665926264;-0.571397574110142
271;2018-02-14;0.011702406383794217;-0.011396327965771835;0.8704138020264851
272;2018-02-15;-0.0066491970121507205;-0.023709424897655096;0.7673911855066079
273;2018-02-16;0.05936268388977983;0.03522766226686724;0.973269145172995
274;2018-02-19;-0.019117685416171537;-0.05823673300163981;-0.536373032651796
275;2018-02-20;0.007792394220750454;0.03813679291244779;0.313035434320037
276;2018-02-21;-0.1410693800760287;0.0045038013903197505;-0.848786480657755
277;2018-02-22;0.125326544937035;0.062064181723784306;0.53809843194042
278;2018-02-23;-0.013442390916613534;-0.0850061844434234;-0.642007375495946
279;2018-02-26;-0.04782608790571008;-0.018602278741353062;0.7941408466761659
280;2018-02-27;-0.007011272488461673;0.10711960620849514;-0.483534319816256
281;2018-02-28;0.035365345296328454;-0.05169242768651128;-0.906511014767538
282;2018-03-01;0.0057663400926464825;0.0008304999295495885;-1.0637268853848199
283;2018-03-02;-0.04505867051019974;-0.060512808852574484;-1.2759249885027801
284;2018-03-05;0.004675349471807588;0.0029681613065662416;0.801813247741709
285;2018-03-06;0.044970298308369294;0.017406599234147446;0.45157126353080496
286;2018-03-07;-0.015594039789199321;0.016418091623688014;0.206153517423324
287;2018-03-08;0.007611937459364726;-0.0273635587753564;-0.16585513581913
288;2018-03-09;0.05736770117707357;0.031081783424781406;0.376994876945596
289;2018-03-12;-0.06265141616900899;0.0019461497164117159;0.49769187505296797
290;2018-03-13;0.005386393302691195;0.05950450661126805;0.117834159350108
291;2018-03-14;-0.046512818042177384;-0.06753029217609335;-0.288236638102449
292;2018-03-15;0.03132277077701179;0.029203853758631992;-0.346533768725122
293;2018-03-16;0.042559439228283646;-0.052664032736590316;0.42416721165473403
294;2018-03-19;-0.02676539550455037;0.034814883362207616;-0.521119881356239
295;2018-03-20;-0.07263596218515594;0.011546800494877607;-0.507300542538992
296;2018-03-21;0.07709775707886218;-0.01628325487924781;-0.36232903724702903
297;2018-03-22;0.023326593299005716;-0.004195877683016713;-1.2809271823258799
298;2018-03-23;0.04199986813695039;-0.011917824883359962;-0.416668545868374
299;2018-03-26;-0.08457415244308464;-0.035581693894107064;0.618025409552952
300;2018-03-27;0.077156303694073;0.09864429602193056;0.729197601464597
301;2018-03-28;-0.07738515676336288;-0.05206336816942814;0.15859684858328
302;2018-03-29;-0.020404581355763507;-0.0362389333905328;0.0300987037843529
303;2018-04-03;-0.040130231564497076;0.03791528277839701;-0.7280722561031221
304;2018-04-04;0.04842381382180094;0.02480374082209097;-0.20009620230978
305;2018-04-05;0.018009501192621236;0.034422074574698036;1.86031463442795
306;2018-04-06;0.007139244434525238;-0.0012062013006433059;-0.27852533385419603
307;2018-04-09;0.09372748222254318;-0.0808759657705288;0.9452059130607801
308;2018-04-10;-0.0969298035529616;0.0317828549690089;0.364934160908822
309;2018-04-11;0.001209657280540788;-0.020999689062538407;0.0235814976887301
310;2018-04-12;0.009815908558849118;0.00521776757572745;-0.154865465429568
311;2018-04-13;0.03160056826216978;0.014227994970754554;0.271001809189535
312;2018-04-16;0.011360567336911931;0.013079635644429377;0.31501024915017894
313;2018-04-17;-0.017441976005982407;0.01818852488265915;0.146980852897884
314;2018-04-18;0.0002896525870914046;-0.005312473948156704;0.835134214991582
315;2018-04-19;-0.05264866377309885;0.02969030501499237;-0.206972961953325
316;2018-04-20;0.060120109146370115;-0.040704853625218196;-0.23486841632328398
317;2018-04-23;0.0027894982045963967;-0.037776514488354174;-0.225986940459769
318;2018-04-24;0.00950745561787164;0.02818178143803457;-0.346143199676051
319;2018-04-25;0.01470150936266218;-0.016803184708743923;-0.782914909216762
320;2018-04-26;-0.058838157455862905;0.030322865959507506;-0.0861346327297258
321;2018-04-27;-0.01055607291543248;-0.020438222177175114;0.15384681475471
322;2018-04-30;0.031900607798530656;-0.014516853633770255;0.49205647457074003
323;2018-05-02;-0.09855995154368968;-0.00859530665707986;-0.11018672353996001
324;2018-05-03;0.09188423164096193;0.01307640924150344;-0.297588771692966
325;2018-05-04;-0.029379601439875613;-0.01885838600645398;0.350238904031661
326;2018-05-07;0.03558618046204848;0.006165375624708341;0.112695448589592
327;2018-05-08;0.005055958401889105;-0.0010527280842461684;-0.220301017343333
328;2018-05-09;0.02186257715434814;0.05214462491013233;0.289629028618435
329;2018-05-10;-0.12694913003186492;-0.03946345665782086;0.7180098359925831
330;2018-05-11;0.053906006187254274;0.029233445085339982;0.644278063641609
331;2018-05-14;0.035146724042744104;-0.03621784176854431;-0.000668229799046495
332;2018-05-15;-0.08074980766999779;0.005822314513999671;-1.38128284349294
333;2018-05-16;0.03377291926054932;0.0019866458679628773;-1.4002487087069
334;2018-05-17;0.041430968975110394;-0.01032023153375633;0.835304615077177
335;2018-05-18;0.03231073945987517;0.002532565922306329;-1.1462588798497801
336;2018-05-21;8.611411814063441e-05;-0.06414612877337447;-0.504850869001956
337;2018-05-22;0.010506099886254283;0.0872448335021894;0.8326534793037769
338;2018-05-23;-0.02407866603479042;-0.05379298683329525;-1.8339582920663797
339;2018-05-24;0.004282670009873424;0.09006143252274229;0.0113430226418328
340;2018-05-25;0.017345323029563264;-0.06435783951780683;-2.25825969620943
341;2018-05-28;0.004166119372959853;0.005855468422050869;-0.9127921712569341
342;2018-05-29;-0.009693728215506847;0.046429419514349535;-3.1940325572384705
343;2018-05-30;-0.03661964736093526;-0.04816999344913819;1.53442350058788
344;2018-05-31;0.016042095034661585;0.0317218498755244;-0.939626289181446
345;2018-06-01;-0.07209654025012263;0.02158544926547601;1.7459463978204501
346;2018-06-04;0.013620832348484546;-0.05243645284527232;1.31673320020042
347;2018-06-05;0.038143010087321294;-0.02706675715761364;-0.393376233602835
348;2018-06-06;-0.04886486543945384;0.016793850878483896;1.56294820680047
349;2018-06-07;0.0006310297781426666;0.03112314641264896;0.650582961438799
350;2018-06-08;-0.013803393311404455;0.004929769972308429;-1.09890274476262
351;2018-06-11;0.1018247198515409;-0.005996042155862191;1.66506963150184
352;2018-06-12;-0.028938811387858088;-0.034257689570203365;0.0287157527261404
353;2018-06-13;-0.08694294159060628;0.05033205636645233;-0.14193756048647901
354;2018-06-14;0.10574118581855968;-0.025808679301014992;-0.787385549339673
355;2018-06-15;0.07055307676833172;0.0664282418053142;-1.32164440619441
356;2018-06-18;-0.1400775479596627;-0.12773426621272876;-0.77136314330481
357;2018-06-19;0.07712516540336328;0.08940959662480435;-0.422690224338086
358;2018-06-20;-0.03616620351526517;-0.019425838991164734;0.54588875992121
359;2018-06-21;0.009243667894194563;-0.03439900789530659;-0.6950479366640191
360;2018-06-22;-0.012208377192154785;0.01666881728992592;1.2401679927246498
361;2018-06-25;0.04333028044342119;-0.013966107526874716;-1.28678952050652
362;2018-06-26;-0.09365290223396805;0.015959102263308433;-0.0431513897325647
363;2018-06-27;0.013179088938319039;-0.009583066755871672;-0.467361836358549
364;2018-06-28;0.07084751699491232;-0.03783853783481286;-0.629527864777176
365;2018-06-29;-0.022588606216320473;-0.0015642711394990017;1.11323718926726
366;2018-07-02;0.05135889239588676;0.02827562533379771;-1.32354698685321
367;2018-07-03;-0.0882346896835462;-0.03948259008231811;1.43043078353467
368;2018-07-04;0.0802792955932442;0.07288144273282904;1.1080969706689499
369;2018-07-05;-0.03812333259208467;-0.035089330688779036;1.37618354776146
370;2018-07-06;0.02581454291656582;0.03606429116760759;0.8687842925907591
371;2018-07-09;-0.008975518152247564;-0.05880492376139465;0.21286047554442
372;2018-07-10;-0.07966965640245322;0.03224244475596655;-0.507642440227623
373;2018-07-11;0.02954746270963582;-0.0028339841900713314;-1.7789015511077402
374;2018-07-12;0.0014900495022034943;-0.02766634463435136;0.17310989350163697
375;2018-07-13;-0.03983612677678916;0.00619450059223392;-0.40878589252622605
376;2018-07-16;0.06445691599306735;0.007497331860405132;0.12262009429077302
377;2018-07-17;-0.06351057267823429;0.04384383101569961;-0.485666277466373
378;2018-07-18;0.10767754908351412;-0.03831774608832625;0.33883019152929406
379;2018-07-19;-0.10544164594394728;-0.015184024188297202;-0.685165798314711
380;2018-07-20;0.01404260633367338;0.011968206033801082;0.87365858180913
381;2018-07-23;-0.02565747526799178;0.04419410946534849;-0.0671429065112696
382;2018-07-24;0.12068050285357157;-0.0750711995088251;0.36460119517874606
383;2018-07-25;-0.048757797051571905;0.07904177115658992;-0.65983596093235
384;2018-07-26;0.07638753240943463;-0.032128268206677496;0.5502355967922651
385;2018-07-27;-0.08985510555389531;0.09067843806342238;0.8007599083263961
386;2018-07-30;-0.054518311395107266;-0.1262146923650141;0.3677267568471789
387;2018-07-31;0.07584637633240798;0.03930162729790693;0.0182753391341714
388;2018-08-01;0.019564140633580474;-0.03605941584377173;-1.0107931745115601
389;2018-08-02;-0.006449190704324481;0.0033800404791842487;-1.4898051312547902
390;2018-08-03;0.01664219055518551;0.03707728736299715;0.28321347499902
391;2018-08-06;0.027866592958715464;-0.012067622474078887;-0.401927356235741
392;2018-08-07;-0.012362450060459107;0.003327460195636456;0.7140906654819399
393;2018-08-08;-0.10832092900065204;0.018140023649901305;-0.238570344725338
394;2018-08-09;0.13311104744950075;-0.036472138651549774;-0.298429783767263
395;2018-08-10;-0.045877339956829966;0.03625969137709964;-2.8976862626810895
396;2018-08-13;-0.03844739994454022;-0.04019206754010407;-0.890112578348803
397;2018-08-14;0.06296012747010932;-0.004018222121822318;-0.662006490615918
398;2018-08-15;-0.0493887743498182;-0.007271223266134136;-1.18294821966004
399;2018-08-16;-0.09053527630025343;0.0413634539433092;0.6709481407736501
400;2018-08-17;0.05862195129296777;-0.035857213870834015;0.26346053747332504
401;2018-08-20;0.08784457037820181;0.044278388354914267;0.900793603688685
402;2018-08-21;-0.12174519962682856;-0.023489033219552563;1.7058649975601203
403;2018-08-22;0.11683368633959157;-0.014558994842182482;0.537147156844227
404;2018-08-23;-0.11538037606510876;0.07197948985317834;-0.39672454652198796
405;2018-08-24;0.06755770902595976;-0.026498042235369113;0.7957952183749301
406;2018-08-27;-0.000702584811005269;-0.056488173883214726;1.26232598817709
407;2018-08-28;-0.020592529984890418;0.10800362385256654;-0.24666429629381
408;2018-08-29;0.01395409263832803;-0.03538381373446453;-0.33826449381141604
409;2018-08-30;0.03152670770465882;-0.010846406172928258;-1.44926430827651
410;2018-08-31;-0.13491164133943256;0.036732855121828;-1.2580809633715
411;2018-09-03;0.044561429971552546;-0.04554849931541083;-0.030268517286927
412;2018-09-04;-0.035828959247636405;0.05989021322808058;-0.342639774615266
413;2018-09-05;0.0321077720701583;-0.01409530120305047;-0.445002517020231
414;2018-09-06;0.07441733561080527;-0.014718423222740973;-0.960719260509665
415;2018-09-07;0.008746903046964127;-0.006989938711418453;-0.9920474131960849
416;2018-09-10;-0.01270791628697282;0.018241399091558197;1.42468961112954
417;2018-09-11;-0.0357262993689027;-0.05493772763812721;0.0146141425436499
418;2018-09-12;0.0899825089063131;0.024731115701160766;0.520436911228722
419;2018-09-13;-0.0387012048696182;-0.005942042778693368;0.717018092868456
420;2018-09-14;-0.05712414107702701;0.05187458250400401;0.00686398148849676
421;2018-09-17;-0.0014347454432783735;-0.057780882581762893;0.939745744950126
422;2018-09-18;0.06626181421988231;-0.0004660450671868932;0.156210420416039
423;2018-09-19;-0.021293077890939316;0.0005790265396379279;0.692270456239782
424;2018-09-20;-0.00426981411432098;-0.003113201236439933;1.65937000482363
425;2018-09-21;-0.016633562955181036;0.0387468932692302;-0.0712325484595349
426;2018-09-24;0.005561815771367107;-0.06769773876466226;-0.6122114904095799
427;2018-09-25;0.0034134094814998184;0.026958890162045362;-0.0369516836303967
428;2018-09-26;-0.08859673957173242;0.059388806520631165;0.14018063996980099
429;2018-09-27;0.1101438522618633;-0.027893099378886843;-0.60944379005039
430;2018-09-28;0.014994048249366732;0.010613563594546294;-2.01173131133633
431;2018-10-01;-0.06437756921840737;-0.010658555718283669;-0.16227813705696698
432;2018-10-02;-0.01618095668201225;-0.020855969043424627;-1.17894026064415
433;2018-10-03;0.06905043111485798;0.023642220687496662;0.232505835356902
434;2018-10-04;0.02373599293282802;0.03484331960230008;-0.5673511683328051
435;2018-10-05;-0.02139817952239309;-0.03419608731768725;-0.5535358964765931
436;2018-10-08;-0.10024502100904714;-0.09088535877683138;-0.913720675371117
437;2018-10-09;-0.007276897090728263;0.05057008482023109;0.549203012035255
438;2018-10-10;0.13759286305926038;0.007107851663693321;-0.5283250007452679
439;2018-10-11;-0.09302312158681186;0.03910827883188822;-1.39329462086466
440;2018-10-12;-0.15149956719748847;-0.0031444195556652454;-1.22544905121793
441;2018-10-15;0.16147164602098774;-0.031825743618345226;0.32938833635358
442;2018-10-16;-0.025569140128640255;-0.021569724119607364;1.61226061616135
443;2018-10-17;0.08765100887401706;-0.0031696678133033562;-1.2522348904760299
444;2018-10-18;-0.02953953072980625;0.04896062302414858;-1.64765698181981
445;2018-10-19;-0.04516530806671848;0.014398074059448429;0.5445165452760229
446;2018-10-22;-0.05065286689893028;-0.1080284718606059;-1.37313969513661
447;2018-10-23;0.1687572813145678;0.0725687505705567;-0.9466389374588979
448;2018-10-24;-0.0488087179404596;0.01204958333993933;-1.3257021931777702
449;2018-10-25;-0.020670316936771294;-0.027557873996498117;1.0000345123824599
450;2018-10-26;-0.031927217027715504;0.01332375271732078;-0.440789690873945
451;2018-10-29;-0.00495851120095947;-0.02872702385998971;1.04702329033169
452;2018-10-30;-0.01233659480602306;0.02170727861173105;-0.557926011408054
453;2018-10-31;-0.005927767231755421;0.0028576421647336647;0.554962852184896
454;2018-11-01;0.03326518129515238;-0.051428272914858714;1.63029802738377
455;2018-11-02;-0.06818651391454106;0.031641665646757744;0.240526071712096
456;2018-11-05;0.06281527301470963;-0.029400494361876;0.206651043448907
457;2018-11-06;-0.03716739358612636;0.03122220653232191;-0.111442148436806
458;2018-11-07;0.04504464643982786;-0.014055824791294746;2.26167763796067
459;2018-11-08;-0.1390260173156523;0.030128448254817114;-0.543019634860051
460;2018-11-09;0.23297018640193665;-0.05588952666417096;-1.15454436330453
461;2018-11-12;-0.14666148395947465;0.022391447099985307;-1.41842257265279
462;2018-11-13;-0.062099599462183575;0.05693307259822583;1.09175767648673
463;2018-11-14;0.08437214547346655;-0.06571187345708082;-0.309750788907197
464;2018-11-15;0.07086725566984486;0.06075635126441578;-0.20410151039445698
465;2018-11-16;-0.031094624510292712;0.012753552365488974;0.6065397433871391
466;2018-11-19;-0.02888576275076088;-0.07818861070062497;-0.0841329440781347
467;2018-11-20;-0.04628389454667087;0.041521189976345935;-2.251314427059
468;2018-11-21;0.11620470991874426;-0.017909935181822434;1.16924884635687
469;2018-11-22;-0.05555154984863181;0.038451139957683345;-0.554471193414235
470;2018-11-23;-0.02207137706724638;-0.046122283694596394;-0.544461828967151
471;2018-11-26;0.05716199635670699;0.018294359487512873;1.96415303998289
472;2018-11-27;-0.055258693744189125;-0.021664474517721383;-0.545961699747748
473;2018-11-28;0.013158803848242584;0.03610696614493111;0.7331533493120259
474;2018-11-29;0.0643661605771707;0.011909743847745957;0.23700990558932397
475;2018-11-30;-0.08608333992713868;-0.009628850030764469;-0.805874009350124
476;2018-12-03;-0.0008775364530834162;-0.03774862425507844;1.4747172116698
477;2018-12-04;0.07366700625747657;0.0456525753678462;-1.3806027076562
478;2018-12-05;-0.06845067922400766;0.00048617274046502956;-0.472531000052775
479;2018-12-06;-0.004943458115125199;-0.037675727327448116;-2.3788439212984396
480;2018-12-07;0.039747424454217084;0.034266374730202664;0.584811364136427
481;2018-12-10;-0.06676708240628776;-0.019755870709580847;-2.09831813692807
482;2018-12-11;0.052008705183507586;0.009514990061849027;0.498427455986007
483;2018-12-12;0.003334431969595708;0.02824751043387247;2.08809358243776
484;2018-12-13;-0.08760519996967275;-0.002944625603327755;0.607462174186956
485;2018-12-14;-0.0005380584453293924;-0.010074492385078515;-0.9807301494425319
486;2018-12-17;0.07156606564490231;-0.0018421109004876923;-0.305160649402688
487;2018-12-18;0.01732293841738819;0.02793071074927428;-1.17339574976792
488;2018-12-19;-0.05218407742844228;0.013881285267663801;1.3462569984254
489;2018-12-20;0.11451766383602546;0.005004019860960718;-1.53573287989925
490;2018-12-21;-0.01397612505304513;-0.02341740039500706;-1.0419332888575301
491;2018-12-24;0.011564813683762887;-0.04198877636185189;-0.655684414118468
492;2018-12-27;-0.052386940618427136;-0.05487912831535169;-1.03886371355885
493;2018-12-28;0.01281910987015722;0.0196851324116174;1.6181028249822598
494;2018-12-31;0.12431075918319373;0.005010395410740803;0.656254439408119
495;2019-01-02;-0.09995698721003304;-0.03162603157200605;-0.8449495425173621
496;2019-01-03;-0.04763787071478581;0.05922818235350799;0.345836722510684
497;2019-01-04;0.013296894358190814;0.033830493966607866;2.51113000753685
498;2019-01-07;-0.18717895288390993;-0.0645463316172542;0.990579510252683
499;2019-01-08;0.12446144887051927;0.0748083341806473;0.6661670233820419
500;2019-01-09;0.08601302927465904;-0.01913345170954589;0.45327525993007706
501;2019-01-10;-0.08666821691016091;-0.015098222349625878;0.22994258379214302
502;2019-01-11;0.0033284580587295;-0.014820909411926486;0.030579625070604
503;2019-01-14;0.013878401737562274;0.026625343359097775;-0.767578764577937
504;2019-01-15;0.03392647455764153;-0.009234313758814006;-0.39422042139498503
505;2019-01-16;0.023785180231331138;0.012569310341295215;0.8066539966798499
506;2019-01-17;-0.03966844660823077;0.032826498019492056;-0.25139732739672893
507;2019-01-18;-0.012372852664734979;-0.031181413338876418;1.53208720263423
508;2019-01-21;-0.05009168677937198;-0.0037503193818032576;-0.0440842718683608
509;2019-01-22;0.007732156222970854;0.0030771374350259117;-0.173659697874831
510;2019-01-23;0.09552310099773226;0.0038080204088663527;1.1554117431728201
511;2019-01-24;-0.044013409536078796;0.10028227237503434;-0.6057093659768321
512;2019-01-25;-0.034534683270927236;-0.06249336865167998;1.38272894893761
513;2019-01-28;0.044133963619190864;-0.1010737614420038;-1.01574554480338
514;2019-01-29;0.01532814770687091;0.035734943538344666;0.476324399891017
515;2019-01-30;-0.016671454938679442;0.010365950604989183;-0.740189719391088
516;2019-01-31;0.020024685274936005;-0.05618630920133619;0.0743102493136435
517;2019-02-01;0.029225888595863725;0.02910042414344627;-0.255069516681503
518;2019-02-04;-0.046309900980335994;0.021153140740404558;-0.742154218740962
519;2019-02-05;0.027368502202565592;-0.017567610891191104;1.1206536482138798
520;2019-02-06;-0.03927285933865021;0.022974932753469818;-0.16541361639737098
521;2019-02-07;0.004968444195959154;-0.0007714501144093222;-2.02944030905361
522;2019-02-08;0.04024973446714303;0.022745935149696472;-1.02795525126853
523;2019-02-11;-0.12654977267835538;-0.009128745728033572;0.344208925362158
524;2019-02-12;0.08996443394555892;-0.0011143891079195;0.9388258461860209
525;2019-02-13;-0.07777073668340884;0.004158724889793741;-0.4798375049131429
526;2019-02-14;0.0317441448439007;0.014946736738774835;-0.0835004998727618
527;2019-02-15;0.027803819672503283;-0.03944769995037001;1.60813686408714
528;2019-02-18;-0.00044447217174897746;-0.017591472995260482;0.728484765836764
529;2019-02-19;-0.020399105869650103;0.06814958136554666;0.0762730726810434
530;2019-02-20;0.035481682692057814;0.00927207062460117;0.730270477176602
531;2019-02-21;0.06590798458764663;-0.051964173231978994;-0.231972636539092
532;2019-02-22;-0.037531718961476224;0.004535853377761689;0.296871059205319
533;2019-02-25;-0.03531133434085959;0.027084385907293507;0.0305460675917397
534;2019-02-26;-0.05789989508480009;0.05141982806572626;0.439553609385283
535;2019-02-27;0.04484754007882186;-0.049564295920638934;-0.18361113050383804
536;2019-02-28;0.1153608882950179;0.028992491214547667;0.8270959881174951
537;2019-03-01;-0.0613594529963476;-0.046160783081166834;-0.291168544516784
538;2019-03-04;0.008734910402702634;-0.021255739383830963;-0.40445222152617405
539;2019-03-05;0.02315044894597229;-0.03478679498883783;-0.350483882155208
540;2019-03-06;-0.023344942018126813;0.04239837767328816;0.486530209309322
541;2019-03-07;-0.1385968501346826;-0.04902544834625791;-1.3143483291677198
542;2019-03-08;0.012650869208998716;0.02879280825376576;-1.1526415538804098
543;2019-03-11;0.1276985317439368;0.008062717136285869;0.5364375911542739
544;2019-03-12;-0.04980783577820652;0.03168274204643551;0.327047086193427
545;2019-03-13;-0.017507198984149652;-0.009064724364998056;0.5941969078931739
546;2019-03-14;0.055483834392679066;0.017592312332575466;0.21017720878809198
547;2019-03-15;-0.03605807790041443;-0.0066044229890738215;1.59967040608989
548;2019-03-18;0.031621791590888904;0.02568304282905698;0.7664095805387159
549;2019-03-19;-0.004795440262837791;-0.05567295706288211;1.09983269202373
550;2019-03-20;0.0023920096951852154;-0.0035522441724413767;-0.8144362937852291
551;2019-03-21;-0.001417387192756303;0.02264392400891896;-0.63204795493743
552;2019-03-22;0.012693732060922558;0.013926283155033359;-2.21345385568238
553;2019-03-25;0.07774565089050023;-0.04681249173906729;-0.0582158580241347
554;2019-03-26;-0.051776831443697935;0.04694854610110746;-0.314427196137736
555;2019-03-27;-0.018482804181949142;-0.013880979820137196;0.27831884110571603
556;2019-03-28;-0.06110386605543422;-0.019853728743860932;-0.8293939353273191
557;2019-03-29;0.02192340629009104;-0.00944891117871921;0.640006552373565
558;2019-04-01;0.058427348580256555;-0.00794897928820626;0.9915703684711759
559;2019-04-02;-0.032651512080459466;0.06684499220291623;0.115839399150978
560;2019-04-03;0.09719192225722428;-0.06778698589777823;1.68852181480306
561;2019-04-04;-0.18016131713004235;0.048422589155207446;0.255594260772172
562;2019-04-05;0.15374366862008015;-0.01097710535307339;-0.24479377410419603
563;2019-04-08;-0.10581521115609632;-0.019405956566882654;-0.277188105393067
564;2019-04-09;0.018565360409645126;0.018762044015027568;-0.312870685886384
565;2019-04-10;0.015092042181597709;-0.029419845195662014;-0.0195522304403911
566;2019-04-11;-0.08310444326192012;0.029955640624555607;0.33865501172379403
567;2019-04-12;0.07341989420006972;-0.07764452076486114;0.6781948026352951
568;2019-04-15;-0.0024954572839723244;0.02232710858417833;0.32636077405212105
569;2019-04-16;-0.010705771657662122;0.047405970559186605;-0.24925439453932102
570;2019-04-17;-0.034631117675380574;-0.008744011978315647;0.656305819718706
571;2019-04-18;0.19089585604581955;0.00602339070611807;-0.3126870096644411
572;2019-04-23;-0.20422572143849915;-0.02687722080406263;-0.667965578306527
573;2019-04-24;-0.015634073162241524;0.03070916120252143;-1.2562670200081398
574;2019-04-25;0.0720173735815322;-0.036063364290002536;0.319214299252219
575;2019-04-26;-0.08142029389037547;0.007062854798915413;0.29415248230655106
576;2019-04-29;0.09310641156347321;0.05493819651805254;0.344141311876479
577;2019-04-30;0.0678433979551647;-0.038270588854635135;0.820382379912618
578;2019-05-02;0.007324747202242299;-0.0553600106971871;-1.81422489421487
579;2019-05-03;-0.029057632793711596;-0.04929917945621995;0.0409262337289868
580;2019-05-06;-0.040322582474012825;0.11539722154996332;-0.785769434326846
581;2019-05-07;-0.06589599831503123;-0.04949767132099164;-1.3083423159082601
582;2019-05-08;0.013122559629001829;0.10084334542040146;0.0618632403357833
583;2019-05-09;0.10914972177087723;-0.03076818719138369;-1.2371200570558798
584;2019-05-10;-0.06679036233832347;0.0005759193629047976;0.48871157364749995
585;2019-05-13;-0.06356337262266532;-0.028158362881315235;-0.7937807170829392
586;2019-05-14;0.10333235506332406;-0.02031404032988668;0.715333880218617
587;2019-05-15;0.04440260645389693;-0.03968679772616654;0.45795513052995296
588;2019-05-16;-0.11459573525550032;0.027615251379346784;1.10922445304304
589;2019-05-17;0.07154239535358392;-0.0004028894476669487;-0.370635034334685
590;2019-05-20;-0.07051050743772136;0.02726728592639341;-0.828555597904121
591;2019-05-21;-0.021083779822215265;-0.02513798126731409;0.290109711330984
592;2019-05-22;0.05680902258563042;0.07248374131252305;-0.0859081142454507
593;2019-05-23;0.03286859494324862;-0.05742828175948225;-1.05270713939257
594;2019-05-24;-0.0101545799077854;0.041820880023032664;0.85546821934047
595;2019-05-27;-0.05781420645799956;-0.06419638448292078;0.293955304554195
596;2019-05-28;0.0014777400529518148;0.03377420481262136;-0.46430781002761495
597;2019-05-29;0.08202252367811941;-0.02436775725404494;-1.4278823880270601
598;2019-05-30;-0.0485856240685299;0.014292937470133882;0.869542864381539
599;2019-05-31;0.09729814272486592;0.015557087356357913;-1.3960182849046499
600;2019-06-03;-0.12451663071907437;-0.010222464500885209;0.585496532085239
601;2019-06-04;-0.010127468706896514;-0.018148107791844503;1.34069628001723
602;2019-06-05;-0.04487172039376219;0.012536059109910153;0.24460414290380605
603;2019-06-06;0.02392725053905831;0.034694485390378144;0.7243134144781039
604;2019-06-07;0.03865503433910977;-0.022561926046941294;1.12211220237104
605;2019-06-10;-0.01239131559820178;-0.015075112191089785;0.44853540663200603
606;2019-06-11;-0.013697284993841097;-0.023770825644036958;-0.0389321389115523
607;2019-06-12;0.006024168243464689;0.05505883771635467;-0.7662220459706551
608;2019-06-13;0.05207855901136699;-0.0247208636531282;-0.128013284486402
609;2019-06-14;-0.005323154092653104;-0.003424888229280887;-1.14997503025299
610;2019-06-17;-0.02502041394755755;0.04098274650033479;-0.5346621834554199
611;2019-06-18;0.009759766667978398;-0.0333696814323593;0.902721346756954
612;2019-06-19;-0.09938323873990512;-0.02042095156391799;0.0410707354562595
613;2019-06-20;0.13101021673844765;0.04444365552440771;0.440784727072694
614;2019-06-21;0.041266090237034925;0.00234373368659907;0.6244962031070961
615;2019-06-24;-0.07340426172476433;-0.02912326213926192;-0.0165466908240862
616;2019-06-25;0.004504961094305648;-0.0024268903597616798;-0.552851522639531
617;2019-06-26;-0.013419730763019999;-0.0012805005889652832;0.136908218191616
618;2019-06-27;-0.002600802472711883;0.0651523624790808;-0.27714887575112107
619;2019-06-28;-0.0008581219796969242;-0.03789970053310582;0.529963753534753
620;2019-07-01;-0.0592032923643514;-0.07645557486328056;0.145947107426125
621;2019-07-02;0.02605054875742907;0.06467329110556577;0.262132115759466
622;2019-07-03;0.13612879007104584;-0.008302053197834114;0.919131011531257
623;2019-07-04;-0.08499226256414094;0.021755496501250693;-0.069839968036486
624;2019-07-05;-0.06750086906475739;-0.01164562809926889;-1.17093225326099
625;2019-07-08;-0.029953247752749768;0.0158459535406546;-0.591691832161195
626;2019-07-09;0.020509739119802695;0.012454124418508072;-0.191654555269011
627;2019-07-10;0.07271562955374905;-0.03869771959215751;0.294097839527037
628;2019-07-11;-0.018823008009500486;-0.018398302277356282;0.29395703224293895
629;2019-07-12;0.045216461058509794;0.04488535042802777;0.20482725765103602
630;2019-07-15;-0.10722945885533969;-0.045105964726623066;0.19922012371512599
631;2019-07-16;0.08308730505788903;0.019535219007613708;0.160052004650484
632;2019-07-17;-0.0024736297654349704;0.03353118828321666;-0.880889862307521
633;2019-07-18;-0.04099648595294719;-0.04150107072041337;-0.672237301294005
634;2019-07-19;0.03753130752858652;-0.016542504317685613;-0.559886160130189
635;2019-07-22;-0.03174614546711063;-0.012582379665811605;-0.20422748052475198
636;2019-07-23;-0.08086447621639115;-0.05039307501642276;0.695611758752269
637;2019-07-24;0.09124553477843439;0.04517922315260253;0.474713951059758
638;2019-07-25;-0.036008387261583674;0.009416668667473649;-0.524006121824802
639;2019-07-26;-0.012863614385660138;0.04420431796347346;-0.723252982498734
640;2019-07-29;0.0695004369394589;-0.06178567418701161;0.0149698035931205
641;2019-07-30;0.003982304009018667;0.05232268814086197;-2.31574040178127
642;2019-07-31;-0.05044517976819102;0.0014878935114399638;-0.37310544931732
643;2019-08-01;0.11874853270418528;-0.08056322328120749;0.14537181690648998
644;2019-08-02;-0.062373688107898895;0.05676901759028746;-1.1660918945001297
645;2019-08-05;-0.07035608877064403;0.009937524529942954;-0.46404510999983706
646;2019-08-06;0.05095325845642984;0.0026495032061488455;-1.01707802292015
647;2019-08-07;-0.0366891251501113;-0.024058211597869417;0.667183579165334
648;2019-08-08;0.03682075033119919;0.0210583149026404;1.2182531652150201
649;2019-08-09;-0.0004397575139148402;0.0160084595046964;-1.18144531042089
650;2019-08-12;0.1303601354981777;-0.050420348152255795;-1.04306414334725
651;2019-08-13;-0.047710893795706866;0.03709034124983954;-0.0447508818715852
652;2019-08-14;-0.03950035728150453;0.0026370637509782746;-2.29334711430119
653;2019-08-15;0.22438213793476913;-0.05884240218608561;-0.41463673978309296
654;2019-08-16;-0.26854762923004377;0.04573717071304925;1.71167060837159
655;2019-08-19;0.076277024654128;-0.014012441856117691;0.666560760574161
656;2019-08-20;-0.0978814552392831;0.003769334062384888;-1.26418734182604
657;2019-08-21;0.06664996301837722;0.04252473144255381;0.918056356582568
658;2019-08-22;0.08384320758436903;-0.07968428559998075;0.007768385102319471
659;2019-08-23;-0.1331231723175424;0.05287248500895855;-0.285321363457232
660;2019-08-26;-0.0886394336708996;0.02685967402217862;0.056148141757761
661;2019-08-27;0.06879850480179678;-0.008631669854246682;0.37586610808589005
662;2019-08-28;-0.0396392983385328;-0.07576415652896215;0.0172045388626569
663;2019-08-29;0.08549638374254653;0.043542645981674816;0.32727345478665804
664;2019-08-30;-0.1203971220360519;0.04042917894066317;-0.422044712047125
665;2019-09-02;0.09234834502195632;-0.02177942240435843;-0.0798341336170496
666;2019-09-03;-0.041694306218116595;-0.06791528079764789;-0.139579358358724
667;2019-09-04;0.008694470267827048;0.08429649179332196;1.01466080494482
668;2019-09-05;0.010246146006009427;-0.015376499967865997;1.68064978947583
669;2019-09-06;0.0751966770291802;0.006418779652099027;-0.10324726695093199
670;2019-09-09;-0.062188792123039904;0.019806144546646365;0.5688965548365171
671;2019-09-10;0.05426265185090767;-0.02355507717449512;0.5643079448143821
672;2019-09-11;-0.144079133197492;-0.0264665108431254;-0.537282006827941
673;2019-09-12;0.14249354275507287;0.030789781716108522;0.8171102215664711
674;2019-09-13;-0.07010257220568566;0.1272101454007788;0.778123932089718
675;2019-09-16;0.0814711089700394;-0.10948353696372459;-1.5165928047665602
676;2019-09-17;-0.0714789260739685;-0.014838267786588533;0.0156726091124811
677;2019-09-18;-0.04653711641775932;-0.005289035961905053;0.237036355987302
678;2019-09-19;0.022959041725339635;0.011317920419121885;0.98171673027949
679;2019-09-20;0.003822952975307603;0.06154919932622516;0.141691892083419
680;2019-09-23;-0.02039219473665954;-0.13080384547028287;-1.2499157183449
681;2019-09-24;0.006093061369143449;0.003342802325660532;0.4749655619550379
682;2019-09-25;0.03355659471288536;0.062366530783220714;-1.03694218310111
683;2019-09-26;0.03622029167611984;-0.0031526240718812715;0.274535271690442
684;2019-09-27;0.0038497706364727935;-0.009727508489486836;0.7303439285037958
685;2019-09-30;-0.0774496648923616;-0.0008229749109647244;0.294466056131394
686;2019-10-01;0.1380158653701305;-0.03541799217403588;-0.560131151942842
687;2019-10-02;-0.0808912712202422;0.06146359116024128;-2.5689940552868302
688;2019-10-03;0.04482265256517137;0.006319781657556867;0.0772556854691168
689;2019-10-04;-0.11703547774200546;-0.03196431758539736;0.673011065149222
690;2019-10-07;0.011298929475565045;-0.030394716003118716;0.8470098958726309
691;2019-10-08;0.07313127722977086;0.033667985640185305;-1.3275368563918999
692;2019-10-09;-0.01722444477129642;0.0409441939326195;0.698783722974056
693;2019-10-10;0.07548282723137095;0.002155297865873873;1.5902943436083201
694;2019-10-11;-0.05716888670067011;-0.0511099704913795;2.14353386002256
695;2019-10-14;-0.052198272200218;0.008238738333182338;-0.513868911567957
696;2019-10-15;0.038094979197034085;-0.030982361672013486;1.1455949999196202
697;2019-10-16;0.0010675051688654458;0.014794475378448968;0.8678084238263678
698;2019-10-17;0.09649046653979543;0.07121202306925253;-0.12599951417157
699;2019-10-18;-0.09017334321266962;-0.010993704887715838;0.222980438417968
700;2019-10-21;-0.04140883374624038;-0.07119740128523211;0.795960574809427
701;2019-10-22;-0.012064291294274776;0.03626270879408339;-0.260473954893363
702;2019-10-23;0.013398468600177071;-0.005169677530145023;-0.0569756996240936
703;2019-10-24;-0.03287684323509277;-0.03258997612441897;-0.0204676461678525
704;2019-10-25;0.05988528559841233;0.049547997000525895;0.0681835176373837
705;2019-10-28;0.012365138206856308;-0.018829507670318713;0.33795329842540195
706;2019-10-29;-0.025108908023572685;-0.005434563876998588;-0.307705639941607
707;2019-10-30;0.04877915263527288;-0.0278906967995404;-1.28535426179746
708;2019-10-31;-0.027533979913177076;0.030527593497644195;-0.111232433999337
709;2019-11-01;0.11796825876934319;-0.018293560110663576;0.814809362707858
710;2019-11-04;-0.17740959054410327;-0.019876881360763626;0.847922767116285
711;2019-11-05;0.07447772675063519;-0.046041488813004544;-0.657352778601449
712;2019-11-06;-0.003597158979679993;0.05488681984309013;-0.156447705576815
713;2019-11-07;0.025740758479907366;0.043607698596499656;0.38251999391163
714;2019-11-08;0.008443284807995832;-0.02199587874419573;-0.7253619153260692
715;2019-11-11;-0.08039331919607423;-0.03112405812150701;0.0998441307036027
716;2019-11-12;-0.034914649581556045;-0.005584619376895389;-1.09162702529863
717;2019-11-13;0.007940572530277246;0.03422092747481284;-1.43643712014417
718;2019-11-14;0.08060695913067123;-0.0014629589108058338;-0.0499291057025435
719;2019-11-15;0.014354422597205152;-0.0019299084306065584;1.20544184022309
720;2019-11-18;-0.011046978039134625;-0.013214975511858906;0.36183547747011297
721;2019-11-19;1.66922028599914e-05;-0.040679514346238094;0.06234413356711199
722;2019-11-20;-0.015345038683718115;0.03205430080960664;-0.486823466882505
723;2019-11-21;0.022609015413420197;0.03944613313914666;-0.128298353623531
724;2019-11-22;0.036393251415513306;-0.013396024349846658;0.151563912534199
725;2019-11-25;-0.08803642062105893;-0.025810738868799477;0.482643336031435
726;2019-11-26;0.04742113612137849;-0.008597770734930149;0.0895948709993178
727;2019-11-27;-0.020038618257662177;0.045465248970804034;0.232154017216083
728;2019-11-28;0.05089244692617234;0.03823965612169872;-0.0171449565252944
729;2019-11-29;-0.016133278590250377;0.05051311171259287;-0.00442792906292854
730;2019-12-02;-0.06492276486522419;-0.04156599688783358;-1.4583745786536797
731;2019-12-03;0.01870844755461426;-0.023709382817747815;-0.20093415831857397
732;2019-12-04;0.045783764905405755;0.05746048249974456;1.38817320066292
733;2019-12-05;-0.04155621794025771;-0.017302582122598775;-0.0507743025070541
734;2019-12-06;-0.17221184776455198;-0.06674422410848319;0.9451947178981601
735;2019-12-09;0.057629204758534586;0.10065797623342615;-0.288565590761158
736;2019-12-10;0.1522348865962445;-0.07485420811642063;-0.0306103884942343
737;2019-12-11;-0.03078865430583011;0.05060381680254361;0.652644434945869
738;2019-12-12;-0.02146816759227993;-0.06763216086912277;1.00976968512675
739;2019-12-13;-0.09124321966923055;0.007678666670658585;0.963432713456529
740;2019-12-16;0.07069407122048876;0.0029240854113298798;1.4394431826589298
741;2019-12-17;-0.02164848949426157;-0.01891474867572107;-0.553620104391927
742;2019-12-18;0.049065800474890287;0.00364569063073511;-0.25803862000825195
743;2019-12-19;-0.009887317120151062;-0.003892928653344785;-0.00700218095410966
744;2019-12-20;0.09018108302522132;0.017315572367651855;0.0909615085406072
745;2019-12-23;-0.14108645160223526;-0.09766374072277598;-0.0248809696942028
746;2019-12-24;0.08226709387000042;0.05747147948994069;-0.0332904485539791
747;2019-12-27;0.026248166616900825;-0.04056856583502985;1.21843097690597
748;2019-12-30;-0.012733023158427836;0.03669835770951152;-0.52875244261093
749;2019-12-31;0.07952861585048382;-0.020857021799248365;-0.477847946302627
750;2020-01-02;-0.1440092050472187;-0.007835480000066453;1.00601461572027
751;2020-01-03;0.07624131432984482;0.046378574524841454;-0.44407651934649395
752;2020-01-06;-0.3045889302777483;0.012343916609958483;-0.24557182185576398
753;2020-01-07;0.3238806997406364;-0.00843149538993368;-0.7651412569048961
754;2020-01-08;-0.12310991072003502;0.0815762809112702;-0.0915167786515278
755;2020-01-09;-0.021108024112267088;-0.07881742292635135;-0.166076246272682
756;2020-01-10;0.07059246629401983;0.028153367603531654;0.0576205673987912
757;2020-01-13;0.03931675428428638;-0.07111481781102469;-0.16895467069901499
758;2020-01-14;-0.02699381311047383;-0.02897671927650952;-0.31623031317765105
759;2020-01-15;0.09273203714257278;0.029453398163580502;0.0649960568894433
760;2020-01-16;-0.04631987480320926;0.07123124224092192;0.4210601829026239
761;2020-01-17;-0.05082519922308543;-0.06341064398759585;0.6577010581797299
762;2020-01-20;0.03539647033892823;-0.03196248895329526;-0.277989294991221
763;2020-01-21;-0.13958188267778332;0.027240067328283157;-0.37575179260483504
764;2020-01-22;0.1847873833219683;0.02854088061463811;-0.43971770133943106
765;2020-01-23;-0.11790595154770733;-0.03449652118159757;-0.8629585981910161
766;2020-01-24;0.052025783465959596;0.02942741262970222;0.173552355130777
767;2020-01-27;-0.06577694091546898;-0.045739933890165396;-2.10000984607694
768;2020-01-28;-0.011645327442178;0.027205766270086168;1.17742545102674
769;2020-01-29;0.09192827385424912;0.024842647554136232;0.705166169041744
770;2020-01-30;0.025042556332504018;-0.001042030502643454;-0.41016623092138593
771;2020-01-31;-0.09145254025445504;0.026524410838158624;-0.8081103856876031
772;2020-02-03;-0.012650420545281982;-0.03365808010084223;0.0595197204126164
773;2020-02-04;-0.002546479787675082;-0.023925206215544143;1.4862791784637202
774;2020-02-05;0.06437738966338447;0.040325756591848255;1.2587103524943
775;2020-02-06;-0.045516948087653775;0.06857414562811218;0.709637527751953
776;2020-02-07;0.09814913084806076;-0.1258334533425443;-0.282369691366146
777;2020-02-10;-0.09499824323679679;0.013273487281852708;-0.25453835993614005
778;2020-02-11;-0.01911086460564343;0.008451139063632124;0.8158793008046908
779;2020-02-12;0.014601002420504383;0.023973377397902895;0.29662321135097897
780;2020-02-13;0.006868716437995137;0.03478585280737584;-0.6251581559628491
781;2020-02-14;0.04722169973969215;0.016670086839306375;0.4319303516082679
782;2020-02-17;0.028763625150246774;-0.0317131411909784;0.5610068136079029
783;2020-02-18;-0.08778435361514803;0.007933302776613749;-0.46051132128205
784;2020-02-19;0.05153565774832797;-0.04501739424977558;0.5292249399376691
785;2020-02-20;-0.013701768056257113;0.02891053518046352;-1.4094684404973998
786;2020-02-21;-0.10953808951629232;-0.00960107988972922;0.0765537464346848
787;2020-02-24;0.15944699581004454;-0.011633053568726986;-3.8093543440612296
788;2020-02-25;-0.023739248246025135;0.038460633481232936;-2.36540483054138
789;2020-02-26;-0.03962501144947289;-0.02797904899956563;0.72456636065843
790;2020-02-27;0.08957480650085042;0.026692187109136817;-2.54202641015274
791;2020-02-28;-0.04778037034266547;-0.049196929942711576;-2.66719508388929
792;2020-03-02;-0.00805543250946028;-0.042775226543058514;1.7322563152566102
793;2020-03-03;-0.04796203577369107;0.031956301422663036;0.49752060819200894
794;2020-03-04;0.041539951931595376;0.00033349241726796097;0.7799825201651651
795;2020-03-05;-0.002593080941515391;0.04272061780766201;-1.82573392529641
796;2020-03-06;-0.10174812487729001;0.02503010448187487;-2.61105784622126
797;2020-03-09;0.06387178858862635;0.0006769711079490648;-6.841658006752451
798;2020-03-10;-0.04792411127891005;-0.10694207947123052;-4.230066525236721
799;2020-03-11;0.09632316083489639;0.02430226442322664;-0.508717637757096
800;2020-03-12;-0.0692672670538863;0.03106990913982266;-14.728149587193197
801;2020-03-13;-0.002897696396790439;-0.05820861483444084;2.46641934195682
802;2020-03-16;0.036395361331541365;0.001359898181555047;-7.1794177521771205
803;2020-03-17;-0.014435656676906827;0.006561125556290681;4.567396715995679
804;2020-03-18;-0.0048800713807629625;-0.0031666172229873057;-4.80779197588612
805;2020-03-19;-0.06418527254462225;0.051237974552906046;0.31146988595058195
806;2020-03-20;0.05455323775354298;-0.04927850221560054;0.481463719823691
807;2020-03-23;-0.04692673285824772;0.026957368095714557;-2.34782506927543
808;2020-03-24;0.08093552669892246;-0.042971642214998385;7.59363872506356
809;2020-03-25;-0.08118784655213085;0.06687918171370996;4.2759064721445
810;2020-03-26;0.06152500868142513;-0.029271772797086343;2.74043439813198
811;2020-03-27;-0.06619165478391009;-0.001758987368665088;-2.82512184662725
812;2020-03-30;0.03705098979727878;0.017440209731013456;-2.37602808739818
813;2020-03-31;0.049790724549606424;0.003535739552841005;1.30088089531723
814;2020-04-01;0.025563598110317498;-0.024490890212520655;-3.32902708807769
815;2020-04-02;-0.07689520461069632;0.015044489685336282;-0.794742346678002
816;2020-04-03;-0.043765682546543644;0.00778732791486636;-0.433996612706594
817;2020-04-06;0.08888436940052838;-0.007657581475615349;3.93521565845259
818;2020-04-07;0.03784967007456813;0.0018612203856222531;2.9880350188272295
819;2020-04-08;-0.08105153924492964;0.015101700671007273;-0.9718416875052109
820;2020-04-09;0.025307179470969055;0.0752918985928544;2.16610904202225
821;2020-04-14;-0.03707143153336362;-0.09957737197402128;0.708517983044588
822;2020-04-15;0.0512006393422309;-0.003025437062523728;-4.27708873834408
823;2020-04-16;0.03976431769035066;-0.012566375323960738;-1.77824630153769
824;2020-04-17;-0.060879829850427836;0.02188846534793007;1.74791536813456
825;2020-04-20;0.05363159794493838;-0.005044620796350541;-0.49374927485292
826;2020-04-21;0.019360519434634182;-0.03341345389700881;-3.1214033876166405
827;2020-04-22;-0.06279640467040876;0.0044334329096442915;1.0963070909352501
828;2020-04-23;0.04279914270260482;0.0431354480622376;0.61803551518933
829;2020-04-24;0.0097179934676907;-0.02670418884864395;-2.2101673470125602
830;2020-04-27;-0.015568454510467344;-0.008943209177409928;2.15410137371919
831;2020-04-28;-0.08592495153878243;-0.008434198520406555;1.83739023977224
832;2020-04-29;0.03160595107141323;0.0034272609088861483;3.4119313523438994
833;2020-04-30;0.007408622135157694;0.032325226116490136;-1.07631238112426
834;2020-05-04;0.03111527202275116;-0.014178225218378138;-3.73074840482368
835;2020-05-05;-0.0011434556915578264;-0.019679001795350426;0.628238151534533
836;2020-05-06;-0.017945904027881265;-0.006718680247480763;-1.47815798288861
837;2020-05-07;-0.0652147819301267;0.046538261109190876;0.745306978119652
838;2020-05-08;0.08998372700896629;-0.007000580259763328;1.02687955688973
839;2020-05-11;-0.004986444061284623;0.004149228352213402;-1.86292499899971
840;2020-05-12;0.021807695773352176;0.027831699564147744;1.4951302564503601
841;2020-05-13;-0.04107394964794164;-0.033897633640123104;-2.2116438700491003
842;2020-05-14;-0.03990472339025736;0.0130965047572634;-1.5913938702863002
843;2020-05-15;0.04835820613924763;0.036428292814771;-0.840529300436989
844;2020-05-18;-0.028867829722116878;-0.019686996459739065;5.57091161823331
845;2020-05-19;0.03602823163306257;-0.0034760989161651823;-2.3676947092513396
