;normalised_date;sentiment_asociacones;sentiment_empresas;date;peru_change
1;2017-03-01;-0.015293611743528335;0.10540526300470024;2017-03-01;-1.2428254153021299
2;2017-03-02;-0.04941536195250615;-0.05124193012449296;2017-03-02;-0.39574494668420895
3;2017-03-03;0.16244828679409454;0.09094417574366609;2017-03-03;-2.10660281350523
4;2017-03-06;-0.04120583626211288;-0.15445498959601098;2017-03-06;-0.6681935909079549
5;2017-03-07;-0.0585030142327691;0.09543435093617611;2017-03-07;-0.817404846493729
6;2017-03-08;-0.06559871946027335;-0.0701931379228205;2017-03-08;-0.59437186426843
7;2017-03-09;0.05199761407044573;0.03394608643705743;2017-03-09;0.49651756088555
8;2017-03-10;0.04833671481743673;0.010550798258841532;2017-03-10;0.0788315256179762
9;2017-03-13;0.046391253158237;0.003407416728699708;2017-03-13;-1.7954395814186002
10;2017-03-14;-0.08909601626143648;0.023476484795575903;2017-03-14;2.2548895752222298
11;2017-03-15;-0.013639002197618044;-0.11034098449417698;2017-03-15;1.6572952257831601
12;2017-03-16;0.11285006482482163;0.031563394023088415;2017-03-16;0.292833879660627
13;2017-03-17;-0.06614951975326328;0.17299297892314486;2017-03-17;0.201674466976418
14;2017-03-20;0.045091540111064365;-0.19080778101852908;2017-03-20;-0.589331120750542
15;2017-03-21;-0.0815796397351406;0.037853845281841325;2017-03-21;-0.15698911026771398
16;2017-03-22;-0.03564735417348469;-0.024164193427986425;2017-03-22;0.44178487616509793
17;2017-03-23;0.07399351212465122;0.048294673213200134;2017-03-23;0.280828608906178
18;2017-03-24;-0.03527611574463074;0.09023655357566929;2017-03-24;-0.5432568891730261
19;2017-03-27;0.016999764079047852;-0.13009509515494916;2017-03-27;0.990090264415371
20;2017-03-28;0.002110256194263249;0.07376136049442966;2017-03-28;0.0319295640208865
21;2017-03-29;0.013120025955035364;0.04124571188476239;2017-03-29;0.670865873288468
22;2017-03-30;0.03696829647239541;-0.025214312529614702;2017-03-30;0.0347649000264555
23;2017-03-31;1.1905263418154899e-05;-0.023301252971060227;2017-03-31;0.588646550125275
24;2017-04-03;-0.05300786951367914;-0.00795538687532299;2017-04-03;0.649785372652516
25;2017-04-04;0.022730250128514262;0.07276559215156986;2017-04-04;0.489589571534956
26;2017-04-05;0.024613622105412236;-0.0753704453492895;2017-04-05;-0.541197965670444
27;2017-04-06;-0.0877527162016013;-0.017387382037072074;2017-04-06;-0.41845851274840296
28;2017-04-07;0.01666838653587921;0.005475798460681247;2017-04-07;-0.39547663713445397
29;2017-04-10;-0.040706333713260184;-0.03165739114869098;2017-04-10;0.0075907255914227
30;2017-04-11;0.03740911006585432;0.08925048194655916;2017-04-11;0.193135960518432
31;2017-04-12;-0.03399824836509183;-0.021769238224640886;2017-04-12;-0.49998339255137103
32;2017-04-17;0.05246161222817994;0.01642887315312097;2017-04-17;-0.9105805621443969
33;2017-04-18;0.15745506235277285;0.04739319184110208;2017-04-18;-0.12992612427817402
34;2017-04-19;-0.20421144304003647;-0.17832605848692382;2017-04-19;0.8729015957334749
35;2017-04-20;0.13470676004332022;0.10666148731089706;2017-04-20;-0.21706047588409197
36;2017-04-21;0.03484325142753025;-0.009603623724367405;2017-04-21;-0.6319780194480911
37;2017-04-24;-0.056515118567750655;-0.0722831560617235;2017-04-24;-0.18654913712717
38;2017-04-25;0.03547208138469499;0.04839422919229722;2017-04-25;0.516170497358181
39;2017-04-26;-0.08966779892680798;-0.029180769503194537;2017-04-26;-0.567009948238308
40;2017-04-27;0.038120730145481785;0.03918727595583188;2017-04-27;0.285886043940871
41;2017-04-28;-0.07157333557792506;-0.02926677541715539;2017-04-28;0.740264934214263
42;2017-05-02;0.05680583349737778;-0.027962015389180528;2017-05-02;-0.32234999659179897
43;2017-05-03;-0.022020568530385864;0.005560870574806143;2017-05-03;-1.1263557543220502
44;2017-05-04;-0.0011188618793574467;0.040819117078684686;2017-05-04;0.966408400268587
45;2017-05-05;0.0602658381323436;0.07418861388828824;2017-05-05;-0.226464128255107
46;2017-05-08;-0.10213813249511161;-0.16001635517198168;2017-05-08;0.45088667527506704
47;2017-05-09;0.07581646626849192;0.05087829412101755;2017-05-09;1.06674094756526
48;2017-05-10;-0.08032052735411854;0.011537763334454443;2017-05-10;0.7711100289840269
49;2017-05-11;0.07105421118669775;0.020745341848869003;2017-05-11;0.653599636010984
50;2017-05-12;-0.009457393384064205;0.00842941616987486;2017-05-12;0.885215253645259
51;2017-05-15;0.10636766287334837;-0.0392171728472091;2017-05-15;-0.721661132500708
52;2017-05-16;-0.14557149261462565;0.005595861925214329;2017-05-16;-0.0723353765931264
53;2017-05-17;0.02662360068384645;-0.03978868573454916;2017-05-17;-1.71199392691551
54;2017-05-18;0.04873801239989933;0.05681404930039183;2017-05-18;1.5695848420740401
55;2017-05-19;-0.05731996628376812;-0.06440602967268952;2017-05-19;0.100470755779987
56;2017-05-22;0.09357299177089029;-0.010788077040776278;2017-05-22;-0.5666352754765811
57;2017-05-23;-0.05395741523605885;0.12945855677619836;2017-05-23;-0.41332065621923
58;2017-05-24;0.007672997729839481;-0.030870790744715826;2017-05-24;0.2729508170894
59;2017-05-25;-0.0026674504262145238;-0.05517567357934605;2017-05-25;0.0589529397013279
60;2017-05-26;-0.08584098086345088;0.010668458368460532;2017-05-26;0.22829284860016502
61;2017-05-29;0.10446345938074059;0.031940149839856435;2017-05-29;-0.698229616527906
62;2017-05-30;-0.0820897723864426;-0.042472941685625765;2017-05-30;0.0697169090047875
63;2017-05-31;0.1016049652356591;0.010309545795760044;2017-05-31;-0.361651512296514
64;2017-06-01;0.0933968244638026;0.11207708259266097;2017-06-01;-0.167799902552488
65;2017-06-02;-0.014386280641470406;-0.030528696530283506;2017-06-02;0.37740237161758206
66;2017-06-05;-0.22013169869949029;0.01487657708647011;2017-06-05;0.736201243282102
67;2017-06-06;0.07234182130737687;-0.1454794953250774;2017-06-06;-0.008151473608134679
68;2017-06-07;0.005777706920769066;0.10459495920589998;2017-06-07;0.435945320341201
69;2017-06-08;0.07181805955299914;-0.0004924995784896802;2017-06-08;0.29775883651339197
70;2017-06-09;-0.08935459332059575;0.03930871544927822;2017-06-09;-1.16629849669477
71;2017-06-12;0.055971739466856685;-0.1271264232177685;2017-06-12;0.39376275978593106
72;2017-06-13;-0.02385442273212124;0.0913210058830734;2017-06-13;0.34417206438039305
73;2017-06-14;-0.05074602410054224;0.0011810046788969242;2017-06-14;-1.5734926850108701
74;2017-06-15;-0.09154635146306522;-0.02997561934697529;2017-06-15;-0.24471291697106
75;2017-06-16;0.15915698488177987;0.06437534337077194;2017-06-16;0.9923248770454951
76;2017-06-19;0.008240397905985852;-0.14465626137783053;2017-06-19;-0.890214581686214
77;2017-06-20;0.03334741731140567;0.0808581888372831;2017-06-20;0.9916507566140379
78;2017-06-21;0.002177551394883348;0.005907730413363066;2017-06-21;0.0621936274509819
79;2017-06-22;-0.017132985599867978;-0.02591632219311213;2017-06-22;0.817605267965482
80;2017-06-23;0.07042124469075972;0.04921024890718384;2017-06-23;0.0748632364660591
81;2017-06-26;0.004327170499274002;0.009788580108042455;2017-06-26;-0.0371354486949678
82;2017-06-27;-0.077858956187071;0.028757364470885505;2017-06-27;-0.239888512882249
83;2017-06-28;-0.08780595658538493;-0.08006864638342204;2017-06-28;0.9866981864668021
84;2017-06-30;-0.004398245478903939;0.03986268937039478;2017-06-30;-0.0540244680938306
85;2017-07-03;0.09718937616083989;-0.059706431283074346;2017-07-03;0.23742570163017399
86;2017-07-04;0.0017455861225113;-0.013156396211023824;2017-07-04;-0.0917341419253726
87;2017-07-05;-0.04457998851818318;0.12930004896683733;2017-07-05;-0.26847418952936297
88;2017-07-06;-0.006695742322798237;-0.018380767081087712;2017-07-06;0.19183175857522197
89;2017-07-07;0.059647422660845995;-0.11093660826077384;2017-07-07;-0.30849028505871506
90;2017-07-10;-0.04651738815031098;0.07213678226980019;2017-07-10;1.0482792971366601
91;2017-07-11;-0.0369904641322113;0.000900664954046615;2017-07-11;0.6636269200255289
92;2017-07-12;0.09923018385812138;0.047421370557414244;2017-07-12;-0.114506396403837
93;2017-07-13;-0.11993998961336688;-0.04410904727823811;2017-07-13;0.9569552085445792
94;2017-07-14;0.021021228730255914;-0.03366268745566314;2017-07-14;0.328038364398278
95;2017-07-17;0.07426187224212955;-0.045416910694443535;2017-07-17;-0.0526553302580773
96;2017-07-18;-0.04488460825681345;-0.02562365353797602;2017-07-18;0.21047821242943104
97;2017-07-19;0.01830098227347976;0.10119801399678185;2017-07-19;0.0110954090352332
98;2017-07-20;-0.011274750448800663;0.06666095091507118;2017-07-20;0.0724071032339908
99;2017-07-21;-0.07544630772423389;0.025054055282094867;2017-07-21;-0.0337508450821838
100;2017-07-24;0.026316350612465345;-0.1170858793556322;2017-07-24;0.718367608575473
101;2017-07-25;-0.05626488915610173;-0.023042548231902826;2017-07-25;0.142474383294169
102;2017-07-26;0.08464983253731284;-0.04513576753855297;2017-07-26;0.677843023236786
103;2017-07-27;-0.06230788787345237;0.07363063352717919;2017-07-27;-0.48250820894227797
104;2017-07-31;0.07782675105155806;0.036541820230813205;2017-07-31;0.49882486274810905
105;2017-08-01;0.10944377267446831;-0.0012433786011538661;2017-08-01;0.0070150053530832
106;2017-08-02;-0.14560019057811807;-0.12233857559887948;2017-08-02;0.28289510531574796
107;2017-08-03;0.07747856669060088;-0.02107743962047179;2017-08-03;-0.33502095857752195
108;2017-08-04;-0.08176646807532817;0.10804709397832735;2017-08-04;-0.28857961956425604
109;2017-08-07;0.012716083312680093;-0.02567439035439234;2017-08-07;1.19759545113095
110;2017-08-08;0.012044268470491892;0.04972552625530302;2017-08-08;0.574258428597701
111;2017-08-09;-0.02902652981593823;-0.044920626210328995;2017-08-09;-1.1567700850201499
112;2017-08-10;0.02271517830597669;0.0216962026911236;2017-08-10;-0.235897877088345
113;2017-08-11;-0.022377780777138367;-0.012364121596867783;2017-08-11;0.47646497101499796
114;2017-08-14;0.09312226215612046;0.02010127415006535;2017-08-14;-0.00047202973180983604
115;2017-08-15;0.007390860880784;0.0028501904932459188;2017-08-15;1.3736126205940902
116;2017-08-16;0.01376289353884741;-0.009319773473940363;2017-08-16;-0.549522522929658
117;2017-08-17;-0.0915896304380982;-0.014263371794409119;2017-08-17;1.01271597298006
118;2017-08-18;0.07100943717380759;-0.009400870554485297;2017-08-18;0.833430348449399
119;2017-08-21;-0.09266613536978008;0.0753994178830435;2017-08-21;0.467585282656997
120;2017-08-22;0.02335503356102092;-0.056978515912543826;2017-08-22;-0.2877849109730711
121;2017-08-23;0.02685649346606056;0.09284287665997765;2017-08-23;0.9025292650665491
122;2017-08-24;0.052594000901496796;-0.11214900022614799;2017-08-24;0.0209021967542188
123;2017-08-25;-0.009314249448224399;0.019634277080381957;2017-08-25;0.5218758173455671
124;2017-08-28;0.08599372953401485;0.033527016946118204;2017-08-28;-0.35196987410243696
125;2017-08-29;-0.13888731914135583;0.009999926892450495;2017-08-29;0.0912824416889827
126;2017-08-31;0.05830559049524575;-0.027668224358915194;2017-08-31;1.23278559997283
127;2017-09-01;0.014108933067759621;0.08050813974202953;2017-09-01;0.37884142217828004
128;2017-09-04;-0.05599873975128905;-0.07616884841886079;2017-09-04;-0.0321754428542749
129;2017-09-05;-0.009296175520662975;-0.04292093220680482;2017-09-05;1.36153316647785
130;2017-09-06;-0.010473653925427762;0.015247839518954975;2017-09-06;-0.39351843045979706
131;2017-09-07;-0.06267242269069628;0.038308835728113;2017-09-07;-0.18626858565013601
132;2017-09-08;0.08153490141794023;-0.028066405558886676;2017-09-08;0.43632507634903706
133;2017-09-11;0.0529079421317214;-0.02069555925344818;2017-09-11;-0.156167853989972
134;2017-09-12;-0.11041531168950414;0.09469150598519288;2017-09-12;0.295356003542615
135;2017-09-13;0.031089053921989407;-0.021377279736793375;2017-09-13;-0.40244290782835707
136;2017-09-14;-0.00834901091464374;0.016935163612127768;2017-09-14;0.18915385062237502
137;2017-09-15;0.049477473894216584;-0.051644184931547765;2017-09-15;0.12634425073365402
138;2017-09-18;0.07559894677288898;-0.0191637188176364;2017-09-18;-0.49079884563913106
139;2017-09-19;-0.10009593532067451;0.05677012900212275;2017-09-19;-0.0628697689758684
140;2017-09-20;0.0137389858191721;-0.0865054073538234;2017-09-20;0.121024927335579
141;2017-09-21;-0.05457852230114407;0.07435538936540204;2017-09-21;-0.367271745757462
142;2017-09-22;0.051709982996420656;-0.11428344053498282;2017-09-22;0.666477977219089
143;2017-09-25;0.00045423444950132286;0.04093621945996492;2017-09-25;0.166978724984741
144;2017-09-26;0.07119380357730848;0.061861737180796295;2017-09-26;-0.30587040699816903
145;2017-09-27;-0.0735741358259639;0.059738536579163504;2017-09-27;1.18378104838997
146;2017-09-28;-0.01344631660381651;-0.030603692581382402;2017-09-28;0.558850555263477
147;2017-09-29;-0.025907573297792363;-0.04402630471032859;2017-09-29;1.2740241914308301
148;2017-10-02;0.11968264629877079;-0.015640152267650198;2017-10-02;1.6019777358069
149;2017-10-03;-0.09146773205509584;-0.003985311757739252;2017-10-03;1.7943513536131999
150;2017-10-04;-0.011899226554130393;0.05009888552610925;2017-10-04;1.3537614444394899
151;2017-10-05;-0.007545230697393379;0.011872553861738189;2017-10-05;-1.14954342419228
152;2017-10-06;0.14449258365209672;-0.020815445150189904;2017-10-06;-0.457713297664978
153;2017-10-09;-0.05958725322598074;0.025117751683001566;2017-10-09;-0.16743412366457
154;2017-10-10;-0.0254774587380156;-0.030764232066022745;2017-10-10;0.104965266680395
155;2017-10-11;-0.06379283037660477;0.05366460698634368;2017-10-11;1.02584421608865
156;2017-10-12;0.1703624629100684;-0.0828549170566773;2017-10-12;0.842933679701509
157;2017-10-13;-0.12200754845915279;0.02252861970951281;2017-10-13;0.8209900207427059
158;2017-10-16;-0.013305662196505308;0.07024234872487861;2017-10-16;-0.264204875074802
159;2017-10-17;0.023616826925728696;-0.005377662228460922;2017-10-17;-0.10692877299526701
160;2017-10-18;0.021695892208146605;-0.08226539948717831;2017-10-18;-0.0468844251440363
161;2017-10-19;-0.1173388790634583;0.0302802312892681;2017-10-19;1.00401478604307
162;2017-10-20;-0.005474970727244677;0.014800152760835295;2017-10-20;0.347373276681039
163;2017-10-23;0.09449735194916892;-0.05555366627515207;2017-10-23;0.28181753108988694
164;2017-10-24;-0.06571098281071297;-0.021325892503616828;2017-10-24;-0.0578545971221161
165;2017-10-25;0.03408903960743015;0.1027111436309589;2017-10-25;-0.0646713166688128
166;2017-10-26;-0.11183234616926996;-0.081651748186152;2017-10-26;-0.20143437999744698
167;2017-10-27;0.07930197683803542;0.03366863736557352;2017-10-27;-0.464704375274707
168;2017-10-30;-0.012604490428303361;-0.03223361804767172;2017-10-30;0.289629678959052
169;2017-10-31;-0.034703339534798344;0.029693765962867213;2017-10-31;1.17074225870008
170;2017-11-02;0.0425163552107056;0.020403496616348382;2017-11-02;-0.10033513876938799
171;2017-11-03;0.012761591904078051;-0.01496550351114545;2017-11-03;0.45706387270623705
172;2017-11-06;0.046357355064373384;-0.008979091521156835;2017-11-06;-0.9683860030282401
173;2017-11-07;-0.12402778297234351;-0.016536301502426964;2017-11-07;-0.156346998934603
174;2017-11-08;0.01394850304427614;0.014079406778529702;2017-11-08;0.0619574633766823
175;2017-11-09;0.022617092199169075;0.0035255220320012937;2017-11-09;-1.43694688030536
176;2017-11-10;-0.033634773635459025;-0.0370806303612885;2017-11-10;-0.379955249130681
177;2017-11-13;-0.1036169486265982;0.04397012347113838;2017-11-13;-0.563788613486133
178;2017-11-14;0.1662276153949736;-0.021917063743478238;2017-11-14;-0.757808527544846
179;2017-11-15;-0.0460471099194632;-0.0076271580858420784;2017-11-15;0.0752538193676277
180;2017-11-16;0.025567005991230074;-0.0008301371626423526;2017-11-16;0.8112047781092091
181;2017-11-17;-0.009226351063308436;0.04711194464884022;2017-11-17;0.38976208862378503
182;2017-11-20;-0.10288372716836819;-0.041007408760364183;2017-11-20;1.1259761227993401
183;2017-11-21;0.09231111031809774;-0.07111307368988232;2017-11-21;0.507173547131407
184;2017-11-22;-0.033171754965536204;0.18558804732247056;2017-11-22;0.248960939217601
185;2017-11-23;-0.005906809621166631;-0.22078624358628585;2017-11-23;0.39468337434441
186;2017-11-24;0.17422781454898006;0.012843169123798098;2017-11-24;-0.859933363099106
187;2017-11-27;-0.03423596829946429;0.07146940295565327;2017-11-27;-0.0150716023011117
188;2017-11-28;-0.11266431911590752;-0.02049607110843904;2017-11-28;-0.10576357104040401
189;2017-11-29;-0.0006969300919915378;-0.03598599760485974;2017-11-29;-0.48748788066534005
190;2017-11-30;0.019559665477130256;0.1088229167651403;2017-11-30;0.36258314008988796
191;2017-12-01;0.04771927833427042;-0.012354541544996711;2017-12-01;-0.540373205970441
192;2017-12-04;0.0957823540822112;0.09940003326600977;2017-12-04;-1.25191830589271
193;2017-12-05;-0.20896526444478344;-0.11359560904648719;2017-12-05;-0.9279068562850821
194;2017-12-06;0.18052190663979392;-0.021166336755962523;2017-12-06;-0.0722676781793421
195;2017-12-07;-0.048481445060204076;-0.038250109069786875;2017-12-07;-0.141777802080395
196;2017-12-11;-0.053862437406968056;0.0782015316674316;2017-12-11;0.5119395221584929
197;2017-12-12;-0.03152133121350234;0.016493820893668465;2017-12-12;-0.177409638539064
198;2017-12-13;0.12210006716771196;-0.016745450717811527;2017-12-13;-3.3526063942439004
199;2017-12-14;-0.08549855753522595;-0.014588973139764316;2017-12-14;-1.5887722309180201
200;2017-12-15;0.0010875230193753693;-0.10204276518474359;2017-12-15;2.06120764256971
201;2017-12-18;0.03874544182656359;0.05400340194984404;2017-12-18;0.6501886312624781
202;2017-12-19;0.052866027770367474;0.00046788339250458666;2017-12-19;1.3204437149801398
203;2017-12-20;-0.20062390405659397;-0.005286357956365895;2017-12-20;-0.0753678600252361
204;2017-12-21;-0.01497327962587805;0.0606184836801954;2017-12-21;3.04421189172945
205;2017-12-22;0.04331478259971569;0.055719651238366585;2017-12-22;-0.29758258940926297
206;2017-12-26;0.026382731881666982;-0.04046578020078739;2017-12-26;0.22662117584842398
207;2017-12-27;0.05783887120039552;0.04774346351834419;2017-12-27;0.9362588872609849
208;2017-12-28;-0.12686918625257382;-0.13702667215530417;2017-12-28;0.6801602946155071
209;2017-12-29;0.23924167077644304;0.020530532478763408;2017-12-29;1.70603676776174
210;2018-01-02;-0.024140324324001095;-0.038992790729332594;2018-01-02;0.641171609381572
211;2018-01-03;-0.13867273460838248;0.15172723994245546;2018-01-03;1.25990520144385
212;2018-01-04;0.020971722641649704;-0.1600067010059988;2018-01-04;0.540721061736594
213;2018-01-05;-0.0028566161393442646;0.08830209048592189;2018-01-05;-0.46812952196150703
214;2018-01-08;0.02083802159065315;0.016147258904217754;2018-01-08;-0.17131970422762
215;2018-01-09;0.03149853450988965;0.1164712441625394;2018-01-09;-0.0705515849621103
216;2018-01-10;-0.13120084895390396;-0.12580580790093582;2018-01-10;0.27261058547102
217;2018-01-11;0.06599960380796852;0.03292163427074424;2018-01-11;0.9927563038753221
218;2018-01-12;-0.10511097782153894;-0.0477135202104661;2018-01-12;0.25441990382918106
219;2018-01-15;0.10724377477919403;0.21591897308042685;2018-01-15;0.23148845828981998
220;2018-01-16;-0.012764238184138382;-0.13281670491518804;2018-01-16;-0.142956111358592
221;2018-01-17;0.04524081459220142;0.009804188695318072;2018-01-17;0.13363488348944902
222;2018-01-18;0.025311647047711494;-0.16547909589471418;2018-01-18;0.282939358120382
223;2018-01-19;-0.10830042064448583;0.10271267460859088;2018-01-19;0.18969067274453502
224;2018-01-22;0.08377824021941324;-0.0789760968701183;2018-01-22;-0.00383759192569646
225;2018-01-23;-0.05563558877759231;0.05009518408012914;2018-01-23;1.45309487217229
226;2018-01-24;0.08030742046638037;-0.03825693351760062;2018-01-24;0.00329461868883777
227;2018-01-25;-0.02527660175565566;0.08979079955753261;2018-01-25;0.547799500934855
228;2018-01-26;-0.10760521022295527;0.019375005848765003;2018-01-26;-0.10514614518983699
229;2018-01-29;0.16266290380218995;-0.032740438428274676;2018-01-29;-1.12590417061298
230;2018-01-30;-0.0808889785081312;0.0049570717348312865;2018-01-30;-0.291147264210216
231;2018-01-31;-0.03607569291607976;-0.11231940132736631;2018-01-31;0.232130409587305
232;2018-02-01;0.032836373009135056;0.06609224064677374;2018-02-01;-1.9097511591768501
233;2018-02-02;0.05835784942932498;-0.026600955488609634;2018-02-02;-1.3502970933757499
234;2018-02-05;-0.06872727145869331;-0.055754554683384194;2018-02-05;-0.0676927833403109
235;2018-02-06;0.06012005952382046;0.08904003156292062;2018-02-06;-0.475393053144877
236;2018-02-07;0.07045428021039007;-0.006049285728411569;2018-02-07;-2.02638006758561
237;2018-02-08;-0.0646155103484819;0.03305913455049553;2018-02-08;-0.4212961824512079
238;2018-02-09;-0.10521084518176696;-0.043372487696171635;2018-02-09;0.994167453779552
239;2018-02-12;0.12905045847774008;-0.02641192503869061;2018-02-12;0.44788528027535296
240;2018-02-13;-0.09772336211196858;-0.014919500885426706;2018-02-13;2.42313991735237
241;2018-02-14;-0.010555396924485622;0.03256537961181116;2018-02-14;0.460670868797344
242;2018-02-15;0.06591897779434461;0.11352476756452401;2018-02-15;-0.585037659026453
243;2018-02-16;0.057429622855010576;-0.0502294541458676;2018-02-16;-0.21128284795658997
244;2018-02-19;-0.07870091467426288;-0.09767833194757142;2018-02-19;-0.5045220249531179
245;2018-02-20;0.027168418294220786;0.028737800728891483;2018-02-20;0.19129615002891298
246;2018-02-21;0.026395982518142902;0.014491667358354332;2018-02-21;0.10477714380024199
247;2018-02-22;0.012671221335607386;-0.019882860255627133;2018-02-22;0.283133882412866
248;2018-02-23;-0.07386290065128501;0.035863388474708435;2018-02-23;0.284037322268403
249;2018-02-26;-0.07767614656384847;-0.06651532997471535;2018-02-26;-0.10860388391733698
250;2018-02-27;0.11474595610074875;0.11504021200890116;2018-02-27;-0.33762164718164006
251;2018-02-28;-0.05240872152952772;-0.08221727095489745;2018-02-28;-0.265656227846062
252;2018-03-01;0.08394192395555164;0.029862565305465605;2018-03-01;0.582147345571526
253;2018-03-02;-0.1690427144129729;0.049643118296821165;2018-03-02;0.189398738274454
254;2018-03-05;0.12096201115841779;-0.005337611319823521;2018-03-05;0.8608939108768969
255;2018-03-06;-0.02965593655163068;-0.05537827454007049;2018-03-06;-0.844388267600302
256;2018-03-07;-0.08587566075934217;-0.07163975218991284;2018-03-07;-0.40377984455041793
257;2018-03-08;0.09794738384257518;0.08574929372761;2018-03-08;0.5883343562627049
258;2018-03-09;-0.07565857617479538;0.02417751594445733;2018-03-09;-0.255208045581186
259;2018-03-12;0.11015702184164466;-0.07133578548276609;2018-03-12;-0.35915571666290996
260;2018-03-13;0.08985986134381851;0.046202568502913544;2018-03-13;-0.5365955365992829
261;2018-03-14;-0.04257432966945002;0.08499190199196693;2018-03-14;-0.34462866267738795
262;2018-03-15;-0.1147083470835999;-0.11749286771452999;2018-03-15;-0.23458702098444498
263;2018-03-16;0.08837351828585521;0.13247657577092287;2018-03-16;-0.5414457028187171
264;2018-03-19;-0.04854978771359991;-0.07271509537618187;2018-03-19;0.710846180916105
265;2018-03-20;0.10533216434420717;-0.018864431452460473;2018-03-20;1.33261738405971
266;2018-03-21;-0.1372317013992665;-0.008843509162770546;2018-03-21;-0.9025060009755009
267;2018-03-22;0.034238251326956626;0.07731595900677918;2018-03-22;0.7396575276884242
268;2018-03-23;0.003962600755664014;-0.05714603277847796;2018-03-23;0.480741605707776
269;2018-03-26;-0.01989374980560904;0.046066701328493165;2018-03-26;-0.538640219185902
270;2018-03-27;-0.010260620377064683;-0.12801329712516818;2018-03-27;-0.31290104260994894
271;2018-03-28;0.014305704480946535;0.07977877558817542;2018-03-28;1.04528490531379
272;2018-04-02;0.027840903116580967;-0.05178423455940945;2018-04-02;0.5526478231920949
273;2018-04-03;-0.06933886333270234;0.12219410021938532;2018-04-03;0.625512590116719
274;2018-04-04;0.019970037754738823;-0.15876698524598373;2018-04-04;0.521128021315995
275;2018-04-05;0.04440115755082791;0.02141530460432614;2018-04-05;-0.7058725861811371
276;2018-04-06;0.009184900562938025;0.10487086296449599;2018-04-06;-0.26401332532411603
277;2018-04-09;-0.06999272319669617;-0.03850223939363395;2018-04-09;0.6701302434765649
278;2018-04-10;0.03607695040531128;0.0262223129777428;2018-04-10;0.42931976553449297
279;2018-04-11;0.0018993237585580303;-0.04927835250784235;2018-04-11;-0.10465427169517
280;2018-04-12;0.01927912210361654;-0.10068276277313584;2018-04-12;-0.33371602812684903
281;2018-04-16;0.17920069391073812;0.07713161282706463;2018-04-16;1.38133660792843
282;2018-04-17;-0.18480209325662145;0.1216442220997459;2018-04-17;0.33682304110324396
283;2018-04-18;-0.08441847074398673;-0.1303572903591575;2018-04-18;0.191716633483672
284;2018-04-19;0.07566315484564051;0.06650988068069424;2018-04-19;0.0313996274355961
285;2018-04-20;-0.07091970050262547;0.03206851088004298;2018-04-20;0.0802644670863237
286;2018-04-23;0.03658474386654098;-0.14221800312550606;2018-04-23;-0.0584940777163643
287;2018-04-24;0.05823803372096198;0.12964665538478068;2018-04-24;-0.9840547392119359
288;2018-04-25;0.07608803901745587;-0.04128345257701288;2018-04-25;0.7263845266024649
289;2018-04-26;-0.04209394173980158;0.027068164094987635;2018-04-26;-0.446426899081394
290;2018-04-27;-0.09455948733487715;-0.026927425456205356;2018-04-27;-0.316429115104973
291;2018-04-30;-0.030789532424213673;-0.05841557583014395;2018-04-30;-1.0749618403624601
292;2018-05-02;0.042194942753011944;-0.07115780160999982;2018-05-02;-1.01886286965552
293;2018-05-03;0.04662250435377316;0.1508492724564173;2018-05-03;0.16447098096959303
294;2018-05-04;-0.04525074074871782;-0.07538074962933794;2018-05-04;-0.00991378702396747
295;2018-05-07;0.035726326405035314;0.030802403267661482;2018-05-07;-0.506640086005375
296;2018-05-08;-0.04319950651628707;0.012925363868544426;2018-05-08;-0.136578215001257
297;2018-05-09;0.038727793013057676;-0.010747567286261916;2018-05-09;1.39926967962724
298;2018-05-10;-0.06513031009337739;0.014759665417174606;2018-05-10;0.300637586971916
299;2018-05-11;0.030605590640845115;-0.010885962189698228;2018-05-11;-0.844291320157468
300;2018-05-14;0.1011518536743658;-0.0381658152944605;2018-05-14;-0.17698807042313003
301;2018-05-15;-0.15123982166919656;-0.07305817652852012;2018-05-15;-0.7883349823571691
302;2018-05-16;0.06336381522346546;0.16630047897950487;2018-05-16;0.48365865321188106
303;2018-05-17;0.05466446228939173;-0.03104881856699343;2018-05-17;-0.40212656953155396
304;2018-05-18;-0.037613479781732295;-0.04860787174464948;2018-05-18;0.0686105061229157
305;2018-05-21;-0.026108084714217328;-0.03241962062234102;2018-05-21;0.6247437813356159
306;2018-05-22;0.030336627517455528;0.09248021822212713;2018-05-22;-1.01569581466445
307;2018-05-23;0.06937846853871249;-0.04725996745127836;2018-05-23;0.5593934243808449
308;2018-05-24;-0.12017938098488057;0.1290227662163514;2018-05-24;-0.14392047864228902
309;2018-05-25;-0.012331451839910829;0.060772172558102966;2018-05-25;0.033121880905767
310;2018-05-28;0.06301331238692917;-0.13782143741751535;2018-05-28;-1.77771782498694
311;2018-05-29;-0.0069448646786790524;0.017952242719976585;2018-05-29;0.675635581419318
312;2018-05-30;-0.008686963263675351;-0.07750003032721053;2018-05-30;0.0917116609069057
313;2018-05-31;-0.04812081102185409;0.006551816808977096;2018-05-31;1.08731277475327
314;2018-06-01;-0.020039954144608824;0.08610125099307236;2018-06-01;0.47755316761063704
315;2018-06-04;0.1593202867249105;-0.017852407255248393;2018-06-04;0.424009032525191
316;2018-06-05;-0.07942225088857574;-0.08375980259033616;2018-06-05;1.0155383178092199
317;2018-06-06;0.03028791467721098;0.11275058516865288;2018-06-06;-0.587791107508704
318;2018-06-07;-0.06026089525237027;-0.040405800084030996;2018-06-07;-0.210273618532694
319;2018-06-08;0.05243870284086799;-0.03563735114731059;2018-06-08;-0.22187483343385397
320;2018-06-11;0.00776877520289565;0.039050651357964206;2018-06-11;0.567327382386192
321;2018-06-12;-0.08716619018501312;-0.09829547149787013;2018-06-12;-0.6898192208484051
322;2018-06-13;0.046218279209143565;0.06377220887317533;2018-06-13;-0.5868258850109829
323;2018-06-14;-0.04875422902558024;-0.02538199004077618;2018-06-14;-1.78264514342679
324;2018-06-15;0.034914111409492965;-0.05858837304878525;2018-06-15;-0.546460152872763
325;2018-06-18;0.045385863647276065;0.048246251419051395;2018-06-18;-0.46801311236354
326;2018-06-19;-0.019188830640227972;0.1314509007142971;2018-06-19;-0.5126572669801649
327;2018-06-20;-0.14405277546398654;-0.10569857626214418;2018-06-20;-0.28116378602459996
328;2018-06-21;-0.010307572934271078;0.04651711056008967;2018-06-21;0.25190001408290696
329;2018-06-22;0.11879208605980643;-0.023411860209671065;2018-06-22;-1.13543315819948
330;2018-06-25;0.1560535534596115;0.04483082242741093;2018-06-25;-0.455493623002045
331;2018-06-26;-0.02791183828066318;-0.07654333749537673;2018-06-26;-0.14695833258583899
332;2018-06-27;-0.18423839842851056;0.025988789555655256;2018-06-27;-1.1066783665403501
333;2018-06-28;0.02616272265130723;0.004785302246738121;2018-06-28;-0.212699129134061
334;2018-07-02;0.14591581215939814;-0.008457012131408814;2018-07-02;-0.777522106827389
335;2018-07-03;-0.13641530564112797;0.059373278191956536;2018-07-03;-0.278131570016174
336;2018-07-04;0.03495631998563434;0.010211621264485993;2018-07-04;1.31498894658005
337;2018-07-05;-0.026727954373956142;0.008349807016620192;2018-07-05;0.44059195680933794
338;2018-07-06;-0.0010840504224473857;-0.056234530208908395;2018-07-06;0.7360918711853209
339;2018-07-09;0.07460207596727231;-0.0503373686576441;2018-07-09;-0.0737222623957818
340;2018-07-10;0.03147623891521034;0.05549630272841738;2018-07-10;-1.78050045276533
341;2018-07-11;-0.02218056625963477;-0.13973942228453562;2018-07-11;0.278942309340223
342;2018-07-12;-0.025847213260739965;0.14096999778845826;2018-07-12;0.186847595993893
343;2018-07-13;-0.043797665868633096;0.0029763893718672274;2018-07-13;-0.0276996789631979
344;2018-07-16;0.019351610921353207;-0.03056845538019287;2018-07-16;1.35313730579566
345;2018-07-17;0.0560037675290512;0.12719825305383842;2018-07-17;0.108052563936624
346;2018-07-18;-0.0020202739660032942;-0.2587149515884055;2018-07-18;-0.6211824344142939
347;2018-07-19;0.05548971144555709;0.202876437694363;2018-07-19;0.5373656236843789
348;2018-07-20;-0.00944018742723457;-0.11623430251741163;2018-07-20;0.34931559703447995
349;2018-07-23;-0.08679991118483554;0.11837868261897072;2018-07-23;1.09320156270412
350;2018-07-24;-0.017777325637894276;-0.03546859294489568;2018-07-24;0.164388158807386
351;2018-07-25;-0.04862736358428743;0.041770676577076116;2018-07-25;0.275546245348025
352;2018-07-26;-0.04099820869531898;-0.021202587928547456;2018-07-26;-0.0974911295861311
353;2018-07-27;0.01198872949307811;0.03670373205292454;2018-07-27;0.128124264064819
354;2018-07-30;0.05451062618026992;-0.12945628719136432;2018-07-30;0.432164438069459
355;2018-07-31;0.14347413480896526;0.003291331456438784;2018-07-31;-0.468043969159443
356;2018-08-01;0.009467300879496543;-0.0615481875430369;2018-08-01;-1.13191346236831
357;2018-08-02;-0.2681032101060001;0.06844410020203648;2018-08-02;0.69761651009681
358;2018-08-03;0.10522791452656662;0.020261394856055215;2018-08-03;-0.408854094267903
359;2018-08-06;-0.01734171213229216;-0.009069246457091173;2018-08-06;0.128460501102448
360;2018-08-07;0.0917101583743812;-0.014762861322420495;2018-08-07;-0.12592340265197802
361;2018-08-08;-0.10707220329892944;0.1565464279972661;2018-08-08;-0.28939242841320506
362;2018-08-09;0.059843340335597045;-0.14487815279341287;2018-08-09;-0.436487117670874
363;2018-08-10;0.07739632771908594;0.0026664094511514858;2018-08-10;-1.14293553608077
364;2018-08-13;0.007536427122263989;0.05560715529178395;2018-08-13;0.0137768881850193
365;2018-08-14;-0.1356179891369766;0.06966604048818165;2018-08-14;-3.03311871817732
366;2018-08-15;0.02795006575816497;-0.22888152302749779;2018-08-15;0.0409144254358674
367;2018-08-16;0.035245140910208;0.17230822003002036;2018-08-16;-0.188687833610487
368;2018-08-17;0.07685397155187457;-0.15160338339207868;2018-08-17;0.56466337917024
369;2018-08-20;-0.06377813233525842;0.014488536936522745;2018-08-20;-0.24164988903249301
370;2018-08-21;-0.028106247462632905;0.0670798161466824;2018-08-21;0.502584131641397
371;2018-08-22;-0.08691924468653087;-0.02529684750314526;2018-08-22;-0.317905707054451
372;2018-08-23;0.09500769969893;0.035374048359964716;2018-08-23;0.999159305348057
373;2018-08-24;-0.014587069678763581;0.0783775822358404;2018-08-24;0.35599863838044105
374;2018-08-27;-0.00465234956768254;0.06815518637619478;2018-08-27;-0.374092784782942
375;2018-08-28;0.018912537879246488;-0.12669697296472876;2018-08-28;0.103687152235039
376;2018-08-29;0.035955355483841905;0.009418641737663047;2018-08-29;-1.4105554589581102
377;2018-08-31;-0.20639964269716288;-0.011309592869131357;2018-08-31;0.0364503440904442
378;2018-09-03;0.2784840966844909;-0.013740297170577231;2018-09-03;-1.3769161253462299
379;2018-09-04;-0.10519856156703569;0.05448931371353871;2018-09-04;-1.5801098248137302
380;2018-09-05;-0.05837216432675166;-0.11737115628301448;2018-09-05;-0.5909319690994561
381;2018-09-06;-0.009006384292588404;0.08315274465298328;2018-09-06;0.0711001902558339
382;2018-09-07;0.14434175414364867;-0.1256218799397959;2018-09-07;-0.21523796748632
383;2018-09-10;-0.04350060453861693;0.11305561366365025;2018-09-10;-0.9017632117388851
384;2018-09-11;0.043593203181297946;0.11755059364869447;2018-09-11;1.6137072619038102
385;2018-09-12;-0.13249475806716818;-0.250524903538311;2018-09-12;0.186488170804355
386;2018-09-13;0.08861814842677865;0.07671871738560598;2018-09-13;-0.0379933415691738
387;2018-09-14;-0.013269834222218613;0.14394538871168816;2018-09-14;-0.8849301695743871
388;2018-09-17;-0.09528862815186917;-0.027892941602913612;2018-09-17;0.735538442156907
389;2018-09-18;0.12441069271574018;-0.004218295680936401;2018-09-18;1.67326657044231
390;2018-09-19;-0.12347735914714822;-0.06365726305163988;2018-09-19;1.7626473163747098
391;2018-09-20;0.10503667956191035;0.017016151673776958;2018-09-20;0.88842549319813
392;2018-09-21;0.005999752052767593;0.016480677911954233;2018-09-21;-0.4698189536008421
393;2018-09-24;-0.03434705019309431;0.06527317666682103;2018-09-24;-0.151608662135304
394;2018-09-25;0.030977988519950317;-0.0635202799258584;2018-09-25;0.11790818244658699
395;2018-09-26;-0.011981334139974598;-0.06243222094057482;2018-09-26;-0.25998243253687603
396;2018-09-27;0.009945918766917583;0.03885148721389814;2018-09-27;0.201982889156066
397;2018-09-28;0.008041679959257308;-0.06448881869834311;2018-09-28;-0.233433344926022
398;2018-10-01;0.031394781567781305;0.009112585220074687;2018-10-01;0.540356038136684
399;2018-10-02;-0.033968136386887615;0.08508991709457131;2018-10-02;0.6388187565569721
400;2018-10-03;-0.03918693072851642;-0.05446179116561373;2018-10-03;-1.6665156182518102
401;2018-10-04;-0.09712174906673812;0.05017504621325225;2018-10-04;-1.02596028269956
402;2018-10-05;0.034790942451738194;-0.02998239892951049;2018-10-05;0.011914833699951
403;2018-10-09;0.03919538954930213;-0.031633815625296435;2018-10-09;-0.94098273499625
404;2018-10-10;0.00283284409105497;0.0810826538360625;2018-10-10;0.346691475737036
405;2018-10-11;0.09707233170512874;-0.03068036714180844;2018-10-11;-0.34455729946834496
406;2018-10-12;-0.12738415988537263;0.012215104634705043;2018-10-12;0.246649891442048
407;2018-10-15;0.06633512918158671;0.04536416587589648;2018-10-15;0.39151438990354204
408;2018-10-16;-0.009925068236090545;-0.05797213115160865;2018-10-16;-0.39653633766815605
409;2018-10-17;-0.023203733745003424;0.10016737033851297;2018-10-17;-1.19083448232898
410;2018-10-18;0.16807866563911822;-0.09573684540005317;2018-10-18;-0.7060948101580641
411;2018-10-19;-0.0782317472641812;-0.05841425742016354;2018-10-19;-0.0636448646858682
412;2018-10-22;0.006497203184772482;0.07111710141284933;2018-10-22;-1.1224151881967
413;2018-10-23;0.108816733181762;-0.05675322652755688;2018-10-23;-0.333732878538612
414;2018-10-24;-0.23693358191523792;-0.00801712367644919;2018-10-24;-0.0525588402572936
415;2018-10-25;0.12209818728048263;0.07679033058711665;2018-10-25;-0.6143897351049499
416;2018-10-26;-0.12000665803408067;0.01438695723815886;2018-10-26;-0.10362294169690801
417;2018-10-29;0.02905557483790555;-0.01363191783325407;2018-10-29;-0.0360144076887638
418;2018-10-30;0.052580176683622026;-0.04487967477416349;2018-10-30;1.28731470853875
419;2018-10-31;-0.02720514927423104;-0.07370946955768631;2018-10-31;1.76034862368429
420;2018-11-02;0.032788960906419334;0.07641207352831397;2018-11-02;0.291918592844236
421;2018-11-05;-0.04084316498867452;-0.09495752429382459;2018-11-05;-0.0433347801525375
422;2018-11-06;-0.01398879437820899;0.05539401060720811;2018-11-06;-0.00798798424503227
423;2018-11-07;0.08819158554336393;0.028770188576891342;2018-11-07;-0.08302797178267199
424;2018-11-08;0.013871955920901846;0.008518622886650173;2018-11-08;-1.12854155439284
425;2018-11-09;-0.08469941004400935;-0.05022323279136881;2018-11-09;-0.79230263491384
426;2018-11-12;0.05267517656430884;-0.06324493730344496;2018-11-12;0.0790985884270418
427;2018-11-13;-0.04450664561293449;0.19123448464636736;2018-11-13;0.0151864909255406
428;2018-11-14;0.016352189957271834;-0.06817712391957631;2018-11-14;0.906976273079927
429;2018-11-15;0.021959574982232388;0.039436484245627734;2018-11-15;1.726586948146
430;2018-11-16;0.057156507538437096;-0.08734270638698904;2018-11-16;-0.575077208615743
431;2018-11-19;0.01907299683688718;0.041489703811502576;2018-11-19;-1.87538845099226
432;2018-11-20;-0.06354603615631066;-0.007022800971279719;2018-11-20;0.7070884977538531
433;2018-11-21;-0.18751578510003447;-0.01634292799423659;2018-11-21;0.593507386026857
434;2018-11-22;0.09532438242706484;0.07702666564846605;2018-11-22;-1.9132610654621203
435;2018-11-23;0.08023794038549123;-0.08141139108891254;2018-11-23;0.3806506550048289
436;2018-11-26;-0.03433561344401964;0.0009722885057760755;2018-11-26;0.0614633933887283
437;2018-11-27;0.008629497434713529;-0.03553385107690221;2018-11-27;1.36632070109508
438;2018-11-28;0.0043172136533616845;0.010787555197712795;2018-11-28;0.28693108578679605
439;2018-11-29;-0.07251481721770917;-0.05755566595095696;2018-11-29;-0.694116465507079
440;2018-11-30;0.0906908088687001;0.08772429269439003;2018-11-30;1.07705163256223
441;2018-12-03;0.00471872058863626;0.0019983955650738072;2018-12-03;0.287118677448078
442;2018-12-04;-0.003585946089890768;0.11070176871115722;2018-12-04;0.5453479951462079
443;2018-12-05;-0.041321233113752076;-0.015570113997889157;2018-12-05;-0.9587536951961378
444;2018-12-06;0.061389274323212784;-0.03448990757196824;2018-12-06;0.5719864711018969
445;2018-12-07;-0.07660296255206778;-0.06455267306932566;2018-12-07;-0.9498758399065301
446;2018-12-10;0.10362067961412913;-0.045555773090984075;2018-12-10;0.261175055629192
447;2018-12-11;-0.02439121314393372;0.07895309569148085;2018-12-11;0.328824960591115
448;2018-12-12;-0.0023429000745121553;0.017048364374424807;2018-12-12;-0.28106266559348303
449;2018-12-13;0.007959376146926378;0.004536798580229207;2018-12-13;-0.36544678968272903
450;2018-12-14;0.0222229761235046;-0.009664246303804858;2018-12-14;0.3892766660818449
451;2018-12-17;-0.04871422652340279;0.0747861357485517;2018-12-17;0.0105830540977786
452;2018-12-18;0.05530332933999704;-0.1331039897504378;2018-12-18;-0.31144084790463
453;2018-12-19;-0.11135148763787123;0.037909580359349215;2018-12-19;0.0975379337897852
454;2018-12-20;0.04278307659664682;-0.02511271334049947;2018-12-20;-0.897872285054895
455;2018-12-21;0.05006229438559834;0.14354464729853778;2018-12-21;0.10210122000470899
456;2018-12-24;0.11769259221908873;0.02111591040487021;2018-12-24;0.0623739384988255
457;2018-12-26;-0.34587275799611916;-0.1643772624439377;2018-12-26;0.55787588639607
458;2018-12-27;0.03575629522757426;-0.058565553595888664;2018-12-27;0.5465507533653909
459;2018-12-28;0.08102029379611;0.03202629988415567;2018-12-28;0.101382137098689
460;2018-12-31;0.3891402266184284;0.024635030289649307;2018-12-31;0.255104697188128
461;2019-01-02;-0.46779276710600637;0.0016701060147228386;2019-01-02;-0.646370789235854
462;2019-01-03;-0.010334710767536615;-0.0002773531006498575;2019-01-03;1.9061962686596299
463;2019-01-04;0.021023167936168985;0.06448169492226408;2019-01-04;-0.0718852940743044
464;2019-01-07;0.10756554010966168;-0.17925727154081275;2019-01-07;-0.5612228245556999
465;2019-01-08;-0.04021632349638213;0.19305042679587817;2019-01-08;1.47815151966611
466;2019-01-09;-0.03682507700267165;-0.08383483570606826;2019-01-09;0.51496580794519
467;2019-01-10;-0.04074290453457827;-0.03110642795358548;2019-01-10;-0.562610753363574
468;2019-01-11;0.041743145973960866;-0.08366526085288573;2019-01-11;0.27869533422523496
469;2019-01-14;0.018967847327543447;0.07185772327292267;2019-01-14;-0.522919537957637
470;2019-01-15;-0.07599133518473633;0.1630521525158088;2019-01-15;0.382726064802408
471;2019-01-16;0.20805429484702645;-0.06104658069443336;2019-01-16;0.6069697151478001
472;2019-01-17;-0.09846975702824451;0.07176308667921794;2019-01-17;-0.294557145918877
473;2019-01-18;-0.14334071545966198;-0.17244928782474528;2019-01-18;-0.214550305136507
474;2019-01-21;0.11868881799792033;-0.10983338516350963;2019-01-21;-0.548819828570724
475;2019-01-22;0.005813485684183162;0.2418738319916173;2019-01-22;0.21004994296953197
476;2019-01-23;-0.019284011506613546;-0.12598928988555186;2019-01-23;0.345825291516116
477;2019-01-24;0.05631804444527838;0.064166628262941;2019-01-24;1.04058146458774
478;2019-01-25;-0.024820934765237473;-0.07673098956625879;2019-01-25;-0.4641678643866579
479;2019-01-28;0.06981476663367162;0.02713649268513557;2019-01-28;0.956139924998137
480;2019-01-29;-0.04147705134115287;0.035549623628085614;2019-01-29;0.08450318725845798
481;2019-01-30;0.0377979848324273;-0.031125161296810755;2019-01-30;1.4774894264176002
482;2019-01-31;0.05161555335686174;0.06254156815794132;2019-01-31;0.622800270941568
483;2019-02-01;-0.12204689914969954;-0.02827543967947027;2019-02-01;0.682084065869831
484;2019-02-04;0.03336078157165098;0.060782815575819105;2019-02-04;0.39559486527326293
485;2019-02-05;0.005456135548896401;0.012545076597958782;2019-02-05;0.248396392761242
486;2019-02-06;-0.06656240188560605;-0.06913112455719661;2019-02-06;-1.15976742904415
487;2019-02-07;0.10546666246137007;-0.032396319532218554;2019-02-07;0.00913692312326805
488;2019-02-08;-0.08216131197795662;-0.009089061247618213;2019-02-08;-1.10726465823529
489;2019-02-11;0.00962725818818258;-0.02431244974120189;2019-02-11;-0.0785573456687517
490;2019-02-12;-0.06604089921736236;-0.013773552500204234;2019-02-12;-0.0777376546158994
491;2019-02-13;0.11703415009424462;0.11858439267151538;2019-02-13;0.38347017878434797
492;2019-02-14;-0.10449963997205902;-0.024923299919495767;2019-02-14;1.1612079981066499
493;2019-02-15;0.12931149932799718;0.008780366804543083;2019-02-15;-0.0227986309667565
494;2019-02-18;0.03433230159523659;-0.04805663402261534;2019-02-18;0.6306249846316171
495;2019-02-19;0.025636748923457187;0.08416821814059033;2019-02-19;0.689423787372017
496;2019-02-20;-0.12663019682063476;-0.116026660291292;2019-02-20;-0.867368187406798
497;2019-02-21;-0.011233565138591722;0.039494967898023536;2019-02-21;0.9101139557270992
498;2019-02-22;0.08347711374461739;-0.07672499760710877;2019-02-22;0.13825381248541102
499;2019-02-25;-0.02841016814308356;0.20282263252095456;2019-02-25;0.031515735847091
500;2019-02-26;0.01623047515001086;-0.1956930926991138;2019-02-26;0.114011102031129
501;2019-02-27;-0.15426493538692762;0.0682298549575803;2019-02-27;0.271312624048796
502;2019-02-28;0.20339076520323987;0.06251423251755861;2019-02-28;-0.512663703752826
503;2019-03-01;-0.06481247464676598;-0.13033074248012277;2019-03-01;0.12927585337896
504;2019-03-04;-0.13855842606882618;-0.009674664743431954;2019-03-04;-0.358540752537899
505;2019-03-05;0.1016736446853801;0.2204296324969893;2019-03-05;0.414954639992098
506;2019-03-06;-0.06868124688710439;-0.16327309434031695;2019-03-06;-0.377734194602229
507;2019-03-07;-0.036242114969727623;-0.06448549884717197;2019-03-07;-0.287404639731674
508;2019-03-08;0.004936834976783239;-0.007508164335860018;2019-03-08;0.9945810253292601
509;2019-03-11;0.15237306845342002;0.0764020643564294;2019-03-11;0.778522178534673
510;2019-03-12;-0.10510432689666166;0.14604915001913304;2019-03-12;0.813526687890881
511;2019-03-13;-0.0755733385854904;-0.1415489285612383;2019-03-13;-0.569226462208734
512;2019-03-14;0.11550434083869401;-0.03962486679436983;2019-03-14;0.54787033252365
513;2019-03-15;-0.060868356564472065;0.0037442426405857043;2019-03-15;0.37519048091300705
514;2019-03-18;0.10164934642937809;0.07063372451753014;2019-03-18;0.631733646633027
515;2019-03-19;-0.0687600017082867;0.06580528305434996;2019-03-19;0.47234350531976593
516;2019-03-20;0.012251406276215154;-0.05188406871300899;2019-03-20;-0.226227111538531
517;2019-03-21;0.028495157430659557;-0.06890981378940675;2019-03-21;-1.0522661430528102
518;2019-03-22;-0.03518530222093791;-0.017101929225947887;2019-03-22;-0.0258122191269468
519;2019-03-25;0.08020326460643284;0.03733430605796606;2019-03-25;0.137869539282866
520;2019-03-26;-0.018063334260930763;0.012768650023928296;2019-03-26;-0.46797311572774203
521;2019-03-27;-0.07600121562846301;-0.008323844505533251;2019-03-27;-0.190900948650297
522;2019-03-28;0.16139375539398276;0.09255179984886153;2019-03-28;0.524504821783785
523;2019-03-29;-0.038114940088879;-0.07124620038634116;2019-03-29;0.314979065479102
524;2019-04-01;-0.019672090242070894;-0.11539416228268756;2019-04-01;0.00142601518938223
525;2019-04-02;0.02840957593224641;0.09660447881263218;2019-04-02;0.561645700293131
526;2019-04-03;-0.048039932401651775;-0.07249567735914203;2019-04-03;0.6777891143600351
527;2019-04-04;-0.057854363954502164;0.1642382667066709;2019-04-04;0.39248400645036696
528;2019-04-05;-0.17010672815917482;-0.17384255243221963;2019-04-05;0.48363625523078
529;2019-04-08;0.26994891022595013;0.0870772369988504;2019-04-08;-0.6614134948442261
530;2019-04-09;-0.044118489752914436;-0.024081235982146454;2019-04-09;-0.1174244990326
531;2019-04-10;-0.0014843697723799787;0.021521785024366136;2019-04-10;-1.42491022940243
532;2019-04-11;0.0426826906228604;-0.0431821307569315;2019-04-11;0.556102360164192
533;2019-04-12;-0.0368580434520438;0.19955462479279396;2019-04-12;-0.48328160022557104
534;2019-04-15;-0.03561270841743763;-0.1242832616100954;2019-04-15;0.663144388473449
535;2019-04-16;-0.03458572968663334;0.013645990786456064;2019-04-16;-0.93683272630319
536;2019-04-17;-0.13454480030950028;-0.09503873720052847;2019-04-17;-0.601285607358311
537;2019-04-22;0.17088963990288059;0.07206562565470159;2019-04-22;-0.41327956328662396
538;2019-04-23;0.028969420516510525;0.03614969091760051;2019-04-23;-1.1169547583402701
539;2019-04-24;0.03266820623297251;-0.1709027127220896;2019-04-24;-0.104368648594306
540;2019-04-25;-0.011554057505905546;0.08497036870688399;2019-04-25;1.20593956760486
541;2019-04-26;-0.04634921998878777;-0.06017510141808477;2019-04-26;0.32131607492514597
542;2019-04-29;0.0052804813329002664;0.001089112485859467;2019-04-29;-0.00470455099507714
543;2019-04-30;0.26998581550287304;0.09806305411827224;2019-04-30;-0.747718884197842
544;2019-05-02;-0.20333356551127674;-0.04994008961369811;2019-05-02;0.292374595070561
545;2019-05-03;-0.01664251708272585;0.06015965106110366;2019-05-03;-0.23422574345747002
546;2019-05-06;-0.049502824460549655;-0.11225413498566872;2019-05-06;-0.291071758285919
547;2019-05-07;-0.049307229849781364;-0.016931707633169618;2019-05-07;-1.29572579208221
548;2019-05-08;0.021803369651495874;0.11208254876901705;2019-05-08;-1.2207961710294
549;2019-05-09;0.12690540826851654;0.10474363885206389;2019-05-09;-0.127660097591706
550;2019-05-10;0.0018745938893807712;-0.2250117187399667;2019-05-10;-1.51506015019634
551;2019-05-13;-0.1785700735606135;0.0015476329316357063;2019-05-13;0.51842522719311
552;2019-05-14;0.01901502088233814;0.1326913907473563;2019-05-14;0.0848871652632534
553;2019-05-15;0.05951513841041145;0.008790620792251291;2019-05-15;-0.20377679303061605
554;2019-05-16;-0.0009382617577757268;-0.0767615309693569;2019-05-16;-0.348107857101621
555;2019-05-17;0.04082564998105792;-0.04370047200653329;2019-05-17;-0.273027242378595
556;2019-05-20;0.06449064901086593;0.04548814694715772;2019-05-20;0.417735069293755
557;2019-05-21;0.02546168039007507;0.07821199746080598;2019-05-21;-0.872757253259283
558;2019-05-22;-0.26349001339433986;-0.056650670321765906;2019-05-22;-1.2935211991351498
559;2019-05-23;0.1777467076195214;-0.028659609342854192;2019-05-23;0.31393026176578803
560;2019-05-24;0.013911350595237015;0.01116450061337601;2019-05-24;-0.18052652042759304
561;2019-05-27;-0.015414599560584552;-0.018026995732416368;2019-05-27;-0.33919344479858005
562;2019-05-28;-0.02494299665034755;-0.010029075593804865;2019-05-28;-0.0372138701300278
563;2019-05-29;-0.03569038762394128;0.14549473157078913;2019-05-29;0.646762881841341
564;2019-05-30;-0.020883442359733995;-0.1460201967639191;2019-05-30;0.270647421050774
565;2019-05-31;-0.0367053444464103;0.1889790031303993;2019-05-31;0.30766171634825
566;2019-06-03;0.0640270965235635;-0.13676359143570338;2019-06-03;0.496593477442635
567;2019-06-04;-0.030752703320906044;-0.049343437408631036;2019-06-04;0.6570063928552641
568;2019-06-05;0.006436014737735585;0.050761164319573365;2019-06-05;0.5745216766773029
569;2019-06-06;0.05469125896820046;0.11697439018055666;2019-06-06;0.8261302115896991
570;2019-06-07;-0.0797351789789996;-0.27257704913531144;2019-06-07;-0.0186343971429543
571;2019-06-10;0.027866156945356074;0.16732858682961785;2019-06-10;0.568211586615056
572;2019-06-11;-0.08521716279187583;-0.07450703983326526;2019-06-11;0.11977566623246999
573;2019-06-12;0.04998821961291064;-0.06153329843585542;2019-06-12;-0.7655076676846708
574;2019-06-13;-0.07004530467869005;0.10188655207806638;2019-06-13;0.0478548596734467
575;2019-06-14;0.22509346711729009;0.16540111509800243;2019-06-14;-0.728024138605361
576;2019-06-17;-0.1565686896781379;-0.24121382092879012;2019-06-17;1.16077337378883
577;2019-06-18;0.03337435295548477;0.19123585888946648;2019-06-18;-0.224946936931022
578;2019-06-19;0.13590954462987448;-0.04024328837215113;2019-06-19;2.16224390619655
579;2019-06-20;-0.1296925136690314;-0.05205173275639924;2019-06-20;-0.211377735736947
580;2019-06-21;-0.1225367321515734;0.051828735402471404;2019-06-21;1.30423527234392
581;2019-06-24;0.12442914063887764;-0.11352822227688508;2019-06-24;-0.7509775231927879
582;2019-06-25;0.09383234865158788;0.15969166938720558;2019-06-25;0.019458809054636
583;2019-06-26;-0.18374447376563244;-0.13616533397410602;2019-06-26;0.561587549761249
584;2019-06-27;0.11961807885781942;0.058931114685827846;2019-06-27;-0.0852353025116193
585;2019-06-28;-0.15058844231983953;-0.06223470579787649;2019-06-28;0.368820869826466
586;2019-07-01;0.20734311983689013;-0.03332880441584554;2019-07-01;0.0060305806045439295
587;2019-07-02;-0.1187658370216304;0.0479124235154694;2019-07-02;0.12043761801064098
588;2019-07-03;0.024675841272709997;0.02261734551601441;2019-07-03;0.46933532658761895
589;2019-07-04;0.028605013685550323;0.08981019012236963;2019-07-04;-0.0146890471864711
590;2019-07-05;-0.010678834295380912;-0.04938174145147922;2019-07-05;0.24376188452578798
591;2019-07-08;-0.007775158276033645;0.0156848792161704;2019-07-08;-0.918069317584215
592;2019-07-09;-0.021068436195042506;-0.08351349739644148;2019-07-09;0.39838784148145706
593;2019-07-10;0.0142917467489794;-0.027800950887625048;2019-07-10;-0.21136569824463602
594;2019-07-11;0.05311314226524566;0.2236525596661448;2019-07-11;0.15936139333931698
595;2019-07-12;-0.0039000935728167874;-0.2141504603013112;2019-07-12;-0.499263754963141
596;2019-07-15;-0.0730426406524188;-0.017352074924460142;2019-07-15;0.821920850380558
597;2019-07-16;0.06360451767202682;0.020153871835324966;2019-07-16;0.154578420681123
598;2019-07-17;-0.028048865707026138;-0.06381250050214679;2019-07-17;0.36113150624599
599;2019-07-18;0.032031520485401255;0.13039572209713254;2019-07-18;-0.161015026770059
600;2019-07-19;-0.06732497730511422;0.09632270878094806;2019-07-19;-0.43307909564837704
601;2019-07-22;0.13597294871553478;-0.22045219620205703;2019-07-22;-0.436994865397799
602;2019-07-23;0.04498935878261656;0.0884473929963619;2019-07-23;0.110077164705263
603;2019-07-24;-0.017125174967962564;-0.0449626987352596;2019-07-24;0.11298113885826301
604;2019-07-25;-0.13336676657913815;0.1106897805463245;2019-07-25;-0.647868701022973
605;2019-07-26;0.08134390264769742;-0.024827596368447002;2019-07-26;-2.1289028869971003
606;2019-07-30;0.03988241822759325;-0.10803947385713861;2019-07-30;-1.74335600743101
607;2019-07-31;-0.12104540806332623;0.1345799154399072;2019-07-31;-0.61516859734913
608;2019-08-01;0.13680427433925332;-0.12303031069747628;2019-08-01;-1.92549654450446
609;2019-08-02;-0.15805297560092285;0.05145160270846305;2019-08-02;-2.5512686661761497
610;2019-08-05;0.02378492747740718;0.004494340726493629;2019-08-05;-0.412517324242562
611;2019-08-06;0.010604570577941591;0.07102476996686563;2019-08-06;1.56352832657205
612;2019-08-07;-0.019612056342683093;-0.012121812277232191;2019-08-07;0.249427431447087
613;2019-08-08;0.026374730481610237;-0.008695265739650182;2019-08-08;-0.810900006069553
614;2019-08-09;0.030701536193954604;-0.027775552581185192;2019-08-09;-1.91891260991822
615;2019-08-12;-0.10386001900518149;-0.06268012869040934;2019-08-12;0.677757189649354
616;2019-08-13;0.04050491346774099;0.17203804381642018;2019-08-13;-1.8532526491652301
617;2019-08-14;0.00728617636203438;-0.087368672189782;2019-08-14;-0.535253769142413
618;2019-08-15;-0.012410173813369924;-0.05820935376251907;2019-08-15;0.537963337437099
619;2019-08-16;-0.03172317515081055;0.012307038197705733;2019-08-16;1.1675437943323999
620;2019-08-19;0.03888869379083831;0.004335605740394155;2019-08-19;-0.123562974010606
621;2019-08-20;-0.02947739184122486;-0.017167595167470295;2019-08-20;-0.49465800717438796
622;2019-08-21;0.14516400324884124;0.04117353492570408;2019-08-21;-0.756921710433947
623;2019-08-22;-0.08660861469472475;0.061940364417339466;2019-08-22;-0.109764740886571
624;2019-08-23;-0.037535164193954085;-0.12687163083151964;2019-08-23;-0.45992907041470604
625;2019-08-26;0.022565962667497608;0.12229229401013358;2019-08-26;0.5369887656406789
626;2019-08-27;0.03857212641704694;-0.09235828956043962;2019-08-27;0.6370161503516619
627;2019-08-28;-0.20559369552917428;0.06018626684379391;2019-08-28;0.288367255527225
628;2019-08-29;0.19559013990753826;0.01615282878680402;2019-08-29;0.9775989529059941
629;2019-09-02;-0.09524760487027031;0.005304412547472714;2019-09-02;-0.36613981240448207
630;2019-09-03;0.057497501672064744;0.06662883509305356;2019-09-03;0.411070346991068
631;2019-09-04;0.0027745287053326517;-0.04334905846884468;2019-09-04;2.06217536331829
632;2019-09-05;0.015527744980032981;-0.22363849932421276;2019-09-05;-0.11193898268383
633;2019-09-06;0.042234003581604035;0.24017626648940554;2019-09-06;-0.8760692015183019
634;2019-09-09;-0.11411143645968252;0.028712107173776646;2019-09-09;0.12471891192841601
635;2019-09-10;0.011691770933279638;-0.1280077117131989;2019-09-10;0.5689198272055551
636;2019-09-11;0.10809758489657409;0.04635304197899853;2019-09-11;0.7168536408504699
637;2019-09-12;-0.09161473930749714;0.008102912835178666;2019-09-12;0.52843284657032
638;2019-09-13;-0.03791133341875455;-0.049993053628684225;2019-09-13;0.011268821164150001
639;2019-09-16;0.016611640796232202;-0.024436028965721945;2019-09-16;-0.489072315125014
640;2019-09-17;0.03664464813065785;0.11659968567613965;2019-09-17;0.167330777129226
641;2019-09-18;0.026883854824311715;-0.0928814478423895;2019-09-18;-0.39288230630208393
642;2019-09-19;0.008523707566193944;-0.05438815755792051;2019-09-19;-0.32846463908747403
643;2019-09-20;-0.03843738640342964;0.10965306814595263;2019-09-20;-0.605582165395843
644;2019-09-23;-0.023188315730560793;0.008791549292454182;2019-09-23;0.6274677667032801
645;2019-09-24;0.048134145473261225;0.044716638061712166;2019-09-24;-0.0877779118628632
646;2019-09-25;-0.005090419214066555;-0.02042921756397975;2019-09-25;0.864349630146085
647;2019-09-26;-0.035964543623094675;0.06687633587323966;2019-09-26;-0.185757208467104
648;2019-09-27;0.014912716500226048;-0.13108660762768576;2019-09-27;-0.5979527381088859
649;2019-09-30;0.11630484677169473;-0.030540107376310244;2019-09-30;-1.8466681778957799
650;2019-10-01;-0.13499224203018084;0.020824911556188375;2019-10-01;-1.44729744145419
651;2019-10-02;0.06270199844274515;0.0661565100896378;2019-10-02;0.417834273602704
652;2019-10-03;0.00758297527528029;-0.021775845313423248;2019-10-03;1.32411879136545
653;2019-10-04;0.02413251798348215;-0.06374856840269538;2019-10-04;-0.41454810549770793
654;2019-10-07;0.04621799913817465;0.01819958473420119;2019-10-07;-0.47493182020790703
655;2019-10-09;-0.09908619409559463;-0.08716301007604069;2019-10-09;0.28370707166363596
656;2019-10-10;-0.015906639122645116;0.13049086191651735;2019-10-10;1.44782357124533
657;2019-10-11;0.01897805200515726;-0.050170892468306694;2019-10-11;0.42011665358018896
658;2019-10-14;-0.0018791976105388408;0.029914999617891735;2019-10-14;-0.295273147686282
659;2019-10-15;0.042928940476660016;-0.003195159706088191;2019-10-15;-0.0535962414140571
660;2019-10-16;-0.030458980876321068;0.013166750318945264;2019-10-16;-0.0604785767586128
661;2019-10-17;0.07945007599663159;-0.05532214865571916;2019-10-17;0.918691983261883
662;2019-10-18;-0.1240739161971478;0.03163322083928233;2019-10-18;-0.6196777445604189
663;2019-10-21;0.10715837746099194;-0.00035883675786385627;2019-10-21;0.618726507715364
664;2019-10-22;-0.07166980491862968;0.059129852245745906;2019-10-22;0.518235428654794
665;2019-10-23;-0.05495316147010443;-0.1326800892768381;2019-10-23;0.353499109329501
666;2019-10-24;0.12453620680429245;0.10206450281014262;2019-10-24;-0.34212675544310694
667;2019-10-25;-0.10803899526501473;-0.08113843856599462;2019-10-25;0.6450417736227211
668;2019-10-28;0.0542605724906329;-0.022740943384175788;2019-10-28;0.607017374108251
669;2019-10-29;-0.1352870912571833;0.09338857942724701;2019-10-29;-0.294287417572959
670;2019-10-30;0.08894285856657541;-0.06026049798741667;2019-10-30;1.0457776807952
671;2019-10-31;-0.05289288015096197;0.03481155124580587;2019-10-31;1.07703507683466
672;2019-11-04;0.13554500363798824;0.009001259469022471;2019-11-04;0.0511625777605896
673;2019-11-05;-0.10819137476620155;-0.031054723102115878;2019-11-05;-0.29288515839475504
674;2019-11-06;0.019173517747889335;0.0420729045496232;2019-11-06;0.46403335503523996
675;2019-11-07;0.022339772743053682;-0.041706019477833145;2019-11-07;-1.7807200615904497
676;2019-11-08;-0.029520175286637418;0.02020797562785781;2019-11-08;-0.730236595377851
677;2019-11-11;0.11664644515191716;-0.0356020048107939;2019-11-11;-0.4941064927739
678;2019-11-12;-0.054306711933489515;-0.0006665164035101756;2019-11-12;-0.483211365361917
679;2019-11-13;-0.12687304793447393;-0.004340329922381869;2019-11-13;-0.747248049474674
680;2019-11-14;0.06781122042590187;0.03394048525457605;2019-11-14;1.3612121280471399
681;2019-11-15;-0.0443517282624917;0.04442612211897595;2019-11-15;-0.0208701475512832
682;2019-11-18;0.07472234066213723;-0.03489600378529162;2019-11-18;-0.25810232798897503
683;2019-11-19;-0.02906169218457777;-0.08423336466460796;2019-11-19;-0.325615388075987
684;2019-11-20;-0.010005767050815406;0.08331193079372912;2019-11-20;0.6056554403548089
685;2019-11-21;0.07162175587674813;-0.029654887006596187;2019-11-21;0.13711670456346198
686;2019-11-22;0.005459945125514731;-0.02072735620104943;2019-11-22;0.506297234486794
687;2019-11-25;-0.006689514522322304;0.02195727248169277;2019-11-25;0.140011454370218
688;2019-11-26;-0.019651669133476213;0.02941380548701339;2019-11-26;-0.330277053757214
689;2019-11-27;-0.0017478794908838136;-0.023400169117985314;2019-11-27;0.618280004775135
690;2019-11-28;0.08901806668792292;-0.04388195298077341;2019-11-28;-0.109203674344273
691;2019-11-29;-0.14173520399356818;-0.02362597592787674;2019-11-29;-0.152650107633796
692;2019-12-02;0.015876795596358823;0.20640800687948824;2019-12-02;-1.16650884991375
693;2019-12-03;-0.05152783215345039;-0.05067286913609098;2019-12-03;0.198391255990251
694;2019-12-04;0.22083979373751952;-0.03254141282129297;2019-12-04;0.105060413031161
695;2019-12-05;-0.07014851148670748;-0.0023338553227352232;2019-12-05;0.5155388728529791
696;2019-12-06;0.02306922915120385;-0.028105243492325238;2019-12-06;-0.418365054428911
697;2019-12-09;-0.1251635433158432;-0.0037691547446909723;2019-12-09;0.102486560301689
698;2019-12-10;0.007331446253884238;-0.08848111334994907;2019-12-10;0.6788343318843989
699;2019-12-11;0.007778658832242047;0.13958220343219296;2019-12-11;0.6131417750950079
700;2019-12-12;-0.028939576596117456;-0.08924069059124728;2019-12-12;0.47081381509615705
701;2019-12-13;-0.02618609160102095;0.03457684549434098;2019-12-13;-0.012457670862507
702;2019-12-16;0.08412863139992294;0.0666791433027557;2019-12-16;0.6562831382119549
703;2019-12-17;0.025995355503915546;-0.028741147418517132;2019-12-17;1.0632453002031501
704;2019-12-18;-0.006070054815537185;0.006991143729045413;2019-12-18;0.987035192885695
705;2019-12-19;0.02875883227921444;-0.055287104146690635;2019-12-19;0.00477420347707225
706;2019-12-20;0.037598708164829686;0.14362641217458366;2019-12-20;0.0460979570246554
707;2019-12-23;-0.014516394187792991;-0.16776365309864177;2019-12-23;0.570539376114499
708;2019-12-24;-0.01539999229436767;0.30979691418922706;2019-12-24;0.6710531077761589
709;2019-12-26;-0.17627030170817698;-0.34242049689939114;2019-12-26;-0.0666857554549117
710;2019-12-27;0.07539320011699537;0.012577688566808798;2019-12-27;0.13942002504972698
711;2019-12-30;-0.0340664750184472;-0.002502838044389666;2019-12-30;-0.178583537243953
712;2019-12-31;0.29906113539442136;0.038512095111425504;2019-12-31;0.86445377340215
713;2020-01-02;-0.35360874105138;0.021564962680197308;2020-01-02;-0.7724313785612992
714;2020-01-03;0.015198141686680877;-0.033331664421961726;2020-01-03;-0.406117566766282
715;2020-01-06;-0.018094482641870385;0.07734790102611233;2020-01-06;-0.22780405047626
716;2020-01-07;0.022749987119043955;0.06286957542040172;2020-01-07;-0.386955423448731
717;2020-01-08;0.12537906285446068;-0.16345509523178883;2020-01-08;0.130323192372295
718;2020-01-09;-0.09818285940529636;0.04502083121510861;2020-01-09;-0.10162557036354
719;2020-01-10;-0.020517373721969906;-0.0403280122031244;2020-01-10;0.0314980446607481
720;2020-01-13;0.10771162149094027;0.057995685854058204;2020-01-13;0.26275244071373
721;2020-01-14;-0.09684471380258361;-0.032446906127967634;2020-01-14;0.298581723024171
722;2020-01-15;0.06137634100896505;-0.04534538228487317;2020-01-15;0.32058584702354803
723;2020-01-16;-0.11146938058224705;0.05503526696859612;2020-01-16;0.642211711806223
724;2020-01-17;0.06668803081607987;0.13667406982046848;2020-01-17;0.0932562400469902
725;2020-01-20;0.0036876849505574905;-0.12178466787572678;2020-01-20;-0.5071528342339939
726;2020-01-21;0.03891118667072613;-0.05153708258001047;2020-01-21;0.360328647865924
727;2020-01-22;0.13229821331039396;0.04731038329113765;2020-01-22;-0.808493276027907
728;2020-01-23;-0.17580410921293976;0.030475770581976813;2020-01-23;-1.20707422515638
729;2020-01-24;-0.06906032242718846;-0.10327960867263392;2020-01-24;-2.02897359712613
730;2020-01-27;0.06023124177507738;-0.05911663135216533;2020-01-27;-0.321244764434031
731;2020-01-28;0.030140285612327344;0.0977925538401419;2020-01-28;0.0212251457613077
732;2020-01-29;-0.00046318624729274616;0.22029107569045203;2020-01-29;-0.8338428230709491
733;2020-01-30;-0.0779516033117274;-0.3893202315891426;2020-01-30;-0.814950436240141
734;2020-01-31;0.12315235709949271;0.29322316941117454;2020-01-31;-0.0576532876482653
735;2020-02-03;0.010304421338636405;-0.0594838504802504;2020-02-03;2.63078390115233
736;2020-02-04;-0.04122189422565167;-0.08280502673657059;2020-02-04;0.7327704109403259
737;2020-02-05;-0.014972866916527994;0.10632859345615275;2020-02-05;-1.82291970437945
738;2020-02-06;-0.09082152068801987;-0.08364257853149887;2020-02-06;-1.45304722239469
739;2020-02-07;0.1632537418037392;0.01429134495836254;2020-02-07;0.0204997862083786
740;2020-02-10;-0.06451431912760353;0.0550991049783921;2020-02-10;0.285505246705838
741;2020-02-11;0.05061822623759549;0.06901451013696586;2020-02-11;0.782740999601858
742;2020-02-12;-0.05677430775966441;-0.1762609135484864;2020-02-12;-0.358820572627746
743;2020-02-13;0.04761402210250906;0.038404337657281795;2020-02-13;-0.6676252051871661
744;2020-02-14;-0.11627333509111835;0.14405386773744872;2020-02-14;-0.121770376695758
745;2020-02-17;0.07799722688332923;0.07046644156061949;2020-02-17;-1.2895620744436298
746;2020-02-18;-0.04159179085403153;-0.2946618181583277;2020-02-18;0.7049688162103671
747;2020-02-19;-0.025360948192194727;0.17453631593703497;2020-02-19;-0.351333953340939
748;2020-02-20;-0.04618238106293028;-0.1382955870855221;2020-02-20;-0.42225669602103205
749;2020-02-21;0.0874584624816561;0.03598923341888299;2020-02-21;-2.5716924600954
750;2020-02-24;-0.06478985494325352;0.05048107279799319;2020-02-24;-1.8305263397150502
751;2020-02-25;0.08063071835311587;0.03589488385067208;2020-02-25;0.35927257597604
752;2020-02-26;0.011891047078938705;0.039261188196325236;2020-02-26;-2.16287110727372
753;2020-02-27;0.09180578609558013;-0.003424221740619793;2020-02-27;-2.44353910999502
754;2020-02-28;-0.15839366717962175;-0.06702182892753777;2020-02-28;1.7824222262564702
755;2020-03-02;-0.014507119218885131;0.0395418341354396;2020-03-02;0.125288468044115
756;2020-03-03;0.07180631404851397;0.042593276510396516;2020-03-03;1.80774419998571
757;2020-03-04;-0.0321949499871568;-0.12211167978760251;2020-03-04;-1.45461497468146
758;2020-03-05;0.10110066635480638;-0.01944983611675799;2020-03-05;-2.8981741663043397
759;2020-03-06;-0.085627779342528;0.13645848957087514;2020-03-06;-6.2502947927409505
760;2020-03-09;-0.019152361591793843;0.004582616333306366;2020-03-09;2.87808035830655
761;2020-03-10;0.00862699623452276;-0.1575471154001048;2020-03-10;-4.1197417072099505
762;2020-03-11;-0.05400453811842705;-0.027132888778407055;2020-03-11;-11.3663698805458
763;2020-03-12;0.06321791181044432;0.2176300242916078;2020-03-12;4.5369102285114105
764;2020-03-13;0.015180600954271262;-0.12106214376422242;2020-03-13;-5.15989282519115
765;2020-03-16;0.06767522366496667;0.020048818402610913;2020-03-16;1.48860675075093
766;2020-03-17;-0.13457217370162156;-0.16605745641179903;2020-03-17;-6.34898329549822
767;2020-03-18;0.025591409697457213;0.004503074491168324;2020-03-18;1.2915430926611102
768;2020-03-19;0.02078156244327442;0.06464211472980871;2020-03-19;-0.90177468420332
769;2020-03-20;-0.017327195692762143;-0.04859072610712209;2020-03-20;-2.5763542498843903
770;2020-03-23;-0.04228374304018756;0.1793046331265627;2020-03-23;1.6953699258162098
771;2020-03-24;0.0431556287694948;0.10010678536947043;2020-03-24;2.44231990600096
772;2020-03-25;0.09511841186663594;-0.04375739145074453;2020-03-25;3.0604854615680996
773;2020-03-26;-0.01765108225685119;-0.22644826012968083;2020-03-26;-4.38936948053224
774;2020-03-27;-0.08273030937196973;-0.019176004778173023;2020-03-27;-0.386250585323102
775;2020-03-30;0.13204311015124445;0.024719042304884975;2020-03-30;3.47663819432135
776;2020-03-31;0.02113029434921304;-0.055275268196957855;2020-03-31;-4.81779807445349
777;2020-04-01;-0.05912065595196778;0.13218226263729743;2020-04-01;-0.169728766736523
778;2020-04-02;-0.07196726183451232;0.01570084437942043;2020-04-02;-1.74561833018841
779;2020-04-03;0.027713994943857595;-0.12410585600329974;2020-04-03;1.3805828762013603
780;2020-04-06;0.08122785348638203;-0.04673701276467947;2020-04-06;2.7611770441037407
781;2020-04-07;-0.0776334949925345;0.21866218894723405;2020-04-07;1.62896978525619
782;2020-04-08;0.11482884547018926;-0.08691492863981301;2020-04-08;2.0271786014911597
783;2020-04-13;-0.1933879430720412;-0.1012200210554762;2020-04-13;0.17437785599856698
784;2020-04-14;0.0775215283858509;0.0637457502277474;2020-04-14;-0.46675353946757303
785;2020-04-15;-0.13922100887631073;0.06279689638440919;2020-04-15;0.196098154879921
786;2020-04-16;0.1312845745748693;0.010371945224324997;2020-04-16;0.37691938476459297
787;2020-04-17;0.05967550510548053;-0.09397228231036509;2020-04-17;0.8373416296760291
788;2020-04-20;-0.0848004509151827;0.038239977532261105;2020-04-20;-0.9432638025786999
789;2020-04-21;0.0244158963860705;0.05448976927631227;2020-04-21;0.479926083153655
790;2020-04-22;0.05345590870029113;-0.046940123551848206;2020-04-22;0.0760012354747154
791;2020-04-23;-0.0742654543750329;-0.01758915728235133;2020-04-23;-1.4082934258152
792;2020-04-24;0.006962455778505183;-0.01286988683013468;2020-04-24;0.0799473371681714
793;2020-04-27;-0.019312546918763912;-0.012775214536227791;2020-04-27;1.34902534922833
794;2020-04-28;0.059542193308493474;-0.010723167272476658;2020-04-28;3.6986498757413595
795;2020-04-29;0.021590845802801545;-0.07312947987342848;2020-04-29;-1.3408357982546102
796;2020-04-30;-0.04435417318209561;0.23150070351986196;2020-04-30;-0.7525249808304558
797;2020-05-04;-0.006129642382395689;-0.10707549309515799;2020-05-04;1.0078405903085899
798;2020-05-05;-0.04353260720601751;-0.03480176765058296;2020-05-05;0.0573824400779938
799;2020-05-06;0.031966486388819965;-0.0026306202740233042;2020-05-06;1.09010743305142
800;2020-05-07;0.06732869784103165;0.12629383777371128;2020-05-07;2.3967649171274905
801;2020-05-08;0.003987007525798392;-0.06728077773150865;2020-05-08;-1.70498000464287
802;2020-05-11;0.007812911347704288;-0.07130479808537823;2020-05-11;1.3481258965087302
803;2020-05-12;-0.0780411455768728;0.007277610404177043;2020-05-12;-2.60437237726008
804;2020-05-13;0.0051380139183062334;-0.10583365960604567;2020-05-13;-0.633252353214509
805;2020-05-14;0.10865447463033073;0.20916520524053162;2020-05-14;0.7308554040022
806;2020-05-15;0.06693043403331289;0.03595833815285748;2020-05-15;4.03321860197033
807;2020-05-18;-0.0918903286678957;-0.14334706523113575;2020-05-18;-1.7536699576710502
808;2020-05-19;-0.10028826581628919;0.10761801905425541;2020-05-19;0.542107076386128
809;2020-05-20;0.15708867554617895;-0.04836909311563742;2020-05-20;-0.222379706981867
810;2020-05-21;-0.0920413475258553;0.038651881118520026;2020-05-21;-1.11049139411719
811;2020-05-22;-0.048514673599256014;0.0113978016930949;2020-05-22;0.538966346502606
812;2020-05-25;0.025278164900623706;-0.043328294639127796;2020-05-25;0.6289933618906329
813;2020-05-26;0.02080539091847447;-0.040024839794367384;2020-05-26;0.736906631714118
814;2020-05-27;0.00616609058770784;0.09017771741554403;2020-05-27;0.800881198112456
815;2020-05-28;-0.06023574751324709;-0.011757107685101464;2020-05-28;-1.0479234208102501
