normalised_date;sentiment
2015-01-26;0.008245482457615102
2015-01-27;0.03074588254094124
2015-01-28;0.7321171506672584
2015-01-29;0.0021475228713825345
2015-01-30;1.0
2015-01-31;0.958892822265625
2015-02-02;0.3330933072137928
2015-02-03;0.04909265005628425
2015-02-04;0.3235876651944249
2015-02-05;0.24587451698494078
2015-02-06;0.5011792836752041
2015-02-07;0.5528380872565322
2015-02-08;0.5877118951390253
2015-02-09;0.4961602611911916
2015-02-10;0.32198681733903906
2015-02-11;0.40211735382254554
2015-02-12;0.4296105281147777
2015-02-13;0.5066140761949871
2015-02-14;0.38245373419616935
2015-02-15;0.37512461928326957
2015-02-16;0.38254915424380936
2015-02-17;0.3774930791189383
2015-02-18;0.47075173098316603
2015-02-19;0.6000078054708607
2015-02-20;0.3750598909558948
2015-02-21;0.4549057057688071
2015-02-22;0.35957620039679244
2015-02-23;0.4543102585486136
2015-02-24;0.3491910634915366
2015-02-25;0.3637098389219965
2015-02-26;0.43002328069824675
2015-02-27;0.41797288535107935
2015-02-28;0.314411073371
2015-03-01;0.4289873403800689
2015-03-02;0.4021227953093376
2015-03-03;0.40105811077527387
2015-03-04;0.3269335977209008
2015-03-05;0.41740861436791704
2015-03-06;0.4665037902583395
2015-03-07;0.5174132158167339
2015-03-08;0.5668085538968214
2015-03-09;0.43523553045589963
2015-03-10;0.4820299638560905
2015-03-11;0.49349024619625886
2015-03-12;0.35955598763130514
2015-03-13;0.2996371110516264
2015-03-14;0.6722616707267874
2015-03-15;0.404228955164058
2015-03-16;0.43445226821784233
2015-03-17;0.4570634804364719
2015-03-18;0.4119414910361058
2015-03-19;0.35892709104001747
2015-03-20;0.5135175716344913
2015-03-21;0.4516331440522135
2015-03-22;0.30547836717326105
2015-03-23;0.4739895754783903
2015-03-24;0.37003615071585755
2015-03-25;0.45879497099812405
2015-03-26;0.4806401952124682
2015-03-27;0.37768911007400946
2015-03-28;0.426721073241325
2015-03-29;0.48709859567067143
2015-03-30;0.44873356435362216
2015-03-31;0.4872622128001334
2015-04-01;0.4367955593524107
2015-04-02;0.47436856547861467
2015-04-03;0.5172838404458917
2015-04-04;0.5975695936551833
2015-04-05;0.58160801415618
2015-04-06;0.367714251615518
2015-04-07;0.5465999867641097
2015-04-08;0.46441312770728843
2015-04-09;0.43071631607292066
2015-04-10;0.5680171399861057
2015-04-11;0.3296658777597877
2015-04-12;0.31258805208844836
2015-04-13;0.4628288126665615
2015-04-14;0.3841273189655545
2015-04-15;0.4649836947698052
2015-04-16;0.4929937725293442
2015-04-17;0.4553724342653882
2015-04-18;0.41578826789222095
2015-04-19;0.43757032147512626
2015-04-20;0.5029627364531524
2015-04-21;0.4550213319791225
2015-04-22;0.43399766978606225
2015-04-23;0.48700132729961526
2015-04-24;0.5200733317388183
2015-04-25;0.43355947299608366
2015-04-26;0.509730187935069
2015-04-27;0.4267378015337746
2015-04-28;0.5060514503682074
2015-04-29;0.4402580590765412
2015-04-30;0.3807151228729117
2015-05-01;0.42863150589749427
2015-05-02;0.3765382615841793
2015-05-03;0.383244810199134
2015-05-04;0.4792520201937225
2015-05-05;0.4290696672518438
2015-05-06;0.46446144100688896
2015-05-07;0.4490772961784361
2015-05-08;0.43928873321442324
2015-05-09;0.42225515268054786
2015-05-10;0.44068655683941477
2015-05-11;0.5897925433998573
2015-05-12;0.52933217956235
2015-05-13;0.43728057050228
2015-05-14;0.5356391478481654
2015-05-15;0.4297933664482368
2015-05-16;0.3589979241227687
2015-05-17;0.4449233536799858
2015-05-18;0.3876351585604247
2015-05-19;0.47152203197445675
2015-05-20;0.5359989806037206
2015-05-21;0.529675758789604
2015-05-22;0.4304073681746018
2015-05-23;0.4391486704415342
2015-05-24;0.6320553158906478
2015-05-25;0.5900072285517443
2015-05-26;0.4945048534553872
2015-05-27;0.47792787303959
2015-05-28;0.37011771779668934
2015-05-29;0.5170656515939396
2015-05-30;0.48486009034823047
2015-05-31;0.3748712164904462
2015-06-01;0.47030164686046566
2015-06-02;0.48273703453495953
2015-06-03;0.4578214772110621
2015-06-04;0.44217495996629397
2015-06-05;0.5609830170890483
2015-06-06;0.42129805357867606
2015-06-07;0.3357094625838542
2015-06-08;0.4329906261195545
2015-06-09;0.4377871793307559
2015-06-10;0.4246266522066687
2015-06-11;0.41117354402993006
2015-06-12;0.5572545150515453
2015-06-13;0.3975904975826389
2015-06-14;0.46692647398373716
2015-06-15;0.5251816788092258
2015-06-16;0.5245307457538223
2015-06-17;0.45934941353231745
2015-06-18;0.3875315696076772
2015-06-19;0.5806210487979955
2015-06-20;0.5025774747807232
2015-06-21;0.51535517495775
2015-06-22;0.465457678383268
2015-06-23;0.45644421821040815
2015-06-24;0.48932346589083225
2015-06-25;0.5000716090408489
2015-06-26;0.48582953179090643
2015-06-27;0.471311242788192
2015-06-28;0.6505568562325905
2015-06-29;0.5955476889689204
2015-06-30;0.6028324099170104
2015-07-01;0.44570776474387924
2015-07-02;0.43935535305086115
2015-07-03;0.4669799397337786
2015-07-04;0.3496409380271197
2015-07-05;0.40049440087268057
2015-07-06;0.5384776954853517
2015-07-07;0.4842352493165781
2015-07-08;0.46688618228354284
2015-07-09;0.560728747337202
2015-07-10;0.647759087019072
2015-07-11;0.3897947065901774
2015-07-12;0.3298461562982178
2015-07-13;0.338711288625828
2015-07-14;0.5606686806293446
2015-07-15;0.3602157909039233
2015-07-16;0.39629487101667943
2015-07-17;0.42523674805432
2015-07-18;0.4029375462543026
2015-07-19;0.48973158928690974
2015-07-20;0.522013057199737
2015-07-21;0.37167356174815264
2015-07-22;0.4404117909119036
2015-07-23;0.44200187435746957
2015-07-24;0.46333328848927596
2015-07-25;0.3298642484785433
2015-07-26;0.48314128138590606
2015-07-27;0.33924882599607203
2015-07-28;0.45085948174518237
2015-07-29;0.49964846066343344
2015-07-30;0.4301780277935583
2015-07-31;0.38533789424762205
2015-08-01;0.315905879723037
2015-08-02;0.2996329351461814
2015-08-03;0.34833539108219413
2015-08-04;0.4974884601527166
2015-08-05;0.4832884150469646
2015-08-06;0.36144417291039416
2015-08-07;0.4147239146572085
2015-08-08;0.4260352821246753
2015-08-09;0.19963776227135632
2015-08-10;0.4817029026409693
2015-08-11;0.4285437776496935
2015-08-12;0.5458108718743537
2015-08-13;0.4000638507421607
2015-08-14;0.3807338523728137
2015-08-15;0.35857622270140155
2015-08-16;0.5042059223827285
2015-08-17;0.3665287714751798
2015-08-18;0.6012836831704381
2015-08-19;0.4317825815387977
2015-08-20;0.41571300609130696
2015-08-21;0.48519343656765995
2015-08-22;0.2939002566254203
2015-08-23;0.40561873639235274
2015-08-24;0.3696278494289518
2015-08-25;0.4381667399434737
2015-08-26;0.5367030107360545
2015-08-27;0.5573913569056442
2015-08-28;0.34100473159840883
2015-08-29;0.4385743012448853
2015-08-30;0.2807724448785638
2015-08-31;0.4261996734465627
2015-09-01;0.4087557402851168
2015-09-02;0.4362263227992036
2015-09-03;0.4041346503686675
2015-09-04;0.513918118602468
2015-09-05;0.3919634455843254
2015-09-06;0.3366121064563068
2015-09-07;0.4852547139741917
2015-09-08;0.42456209304959747
2015-09-09;0.5507101091014557
2015-09-10;0.5604084266401124
2015-09-11;0.4067206616001886
2015-09-12;0.3204517537617773
2015-09-13;0.6020573706145834
2015-09-14;0.45313221648319013
2015-09-15;0.49571633856393327
2015-09-16;0.4407447285959747
2015-09-17;0.36180759031710247
2015-09-18;0.3609760622896275
2015-09-19;0.40296713218847346
2015-09-20;0.2715415228157748
2015-09-21;0.4474448177078205
2015-09-22;0.5816441245061366
2015-09-23;0.48003952710483677
2015-09-24;0.37005752350184695
2015-09-25;0.5150634844574952
2015-09-26;0.28101233282898563
2015-09-27;0.3314004156534793
2015-09-28;0.4523772237995579
2015-09-29;0.49452468458951915
2015-09-30;0.4885049096991005
2015-10-01;0.43458960916337425
2015-10-02;0.3461049447670222
2015-10-03;0.3772766112040487
2015-10-04;0.20457005514578153
2015-10-05;0.5227521642086547
2015-10-06;0.5009001795072874
2015-10-07;0.43751685437688775
2015-10-08;0.4820212816696917
2015-10-09;0.4850945382099566
2015-10-10;0.3962784095668231
2015-10-11;0.41280248968610067
2015-10-12;0.4267272797585747
2015-10-13;0.5386468817241984
2015-10-14;0.531509096042679
2015-10-15;0.4718433384312033
2015-10-16;0.4927151858438275
2015-10-17;0.33625014887235083
2015-10-18;0.37620166267287514
2015-10-19;0.4552661851993996
2015-10-20;0.45554778341585156
2015-10-21;0.44551300904625757
2015-10-22;0.44460482057130135
2015-10-23;0.4146418144705494
2015-10-24;0.3718311026455187
2015-10-25;0.28340489884062026
2015-10-26;0.5476070019333893
2015-10-27;0.439929063542187
2015-10-28;0.47800523341916007
2015-10-29;0.44332302857697337
2015-10-30;0.5095588161152059
2015-10-31;0.3838337206445147
2015-11-01;0.5280908161182692
2015-11-02;0.5677312212775081
2015-11-03;0.550500278103903
2015-11-04;0.45036968071800904
2015-11-05;0.5344181901546842
2015-11-06;0.5044863292063382
2015-11-07;0.3374174514087295
2015-11-08;0.8063023000424638
2015-11-09;0.600668254252168
2015-11-10;0.48542989522383184
2015-11-11;0.4350210963746056
2015-11-12;0.4786217109625703
2015-11-13;0.4830552922385633
2015-11-14;0.44674928654351087
2015-11-15;0.2886656393042872
2015-11-16;0.4257445279843863
2015-11-17;0.43628602311338227
2015-11-18;0.462782902923646
2015-11-19;0.4744497807658982
2015-11-20;0.4988829247648381
2015-11-21;0.5731746934556213
2015-11-22;0.27834973463262236
2015-11-23;0.5083679174241789
2015-11-24;0.5036962257966879
2015-11-25;0.3689614146545096
2015-11-26;0.44362657024168317
2015-11-27;0.4167455445002353
2015-11-28;0.35683408375005854
2015-11-29;0.20828940260689705
2015-11-30;0.4265291836281325
2015-12-01;0.43233720753840665
2015-12-02;0.4195412960278031
2015-12-03;0.4410531447120834
2015-12-04;0.45900179361223226
2015-12-05;0.41245281131870926
2015-12-06;0.3610384952568578
2015-12-07;0.4908746951544279
2015-12-08;0.552430116571486
2015-12-09;0.4218755699918674
2015-12-10;0.4417159041644597
2015-12-11;0.38543564626582866
2015-12-12;0.4887457454625687
2015-12-13;0.6353225348484547
2015-12-14;0.4183893030598139
2015-12-15;0.47376213866580974
2015-12-16;0.4111597373005979
2015-12-17;0.4902035396625988
2015-12-18;0.3751423948563765
2015-12-19;0.28191122273932007
2015-12-20;0.42904450754394935
2015-12-21;0.49538772712124224
2015-12-22;0.3600408386301003
2015-12-23;0.518083935743242
2015-12-24;0.6342856181379466
2015-12-25;0.6517270704731345
2015-12-26;0.8180337727069855
2015-12-27;0.6183694998423258
2015-12-28;0.43833490190139635
2015-12-29;0.3794798702050572
2015-12-30;0.5462036916454379
2015-12-31;0.3896027874880671
2016-01-01;0.36532167467033655
2016-01-02;0.6383545851761786
2016-01-03;0.35358870988420676
2016-01-04;0.4552596898572901
2016-01-05;0.517478588731505
2016-01-06;0.3345891192614824
2016-01-07;0.47298509713894576
2016-01-08;0.49238151627520427
2016-01-09;0.35992450647502
2016-01-10;0.32392757251781046
2016-01-11;0.3756459850752573
2016-01-12;0.5029416994563056
2016-01-13;0.4002971652292627
2016-01-14;0.39927627546683625
2016-01-15;0.6264600065763831
2016-01-16;0.46498508041041714
2016-01-17;0.35040805134608566
2016-01-18;0.43130973621165686
2016-01-19;0.46829032546366617
2016-01-20;0.5231375245745757
2016-01-21;0.47093705228115884
2016-01-22;0.38821157066522444
2016-01-23;0.42752826377532677
2016-01-24;0.3730841206853287
2016-01-25;0.47054647155803386
2016-01-26;0.3931023811649245
2016-01-27;0.4800843540736689
2016-01-28;0.4728506933044168
2016-01-29;0.46802044332779713
2016-01-30;0.5269202706029946
2016-01-31;0.3352279906144986
2016-02-01;0.44172313079252407
2016-02-02;0.4242127335000932
2016-02-03;0.5063667161977187
2016-02-04;0.34235582381860175
2016-02-05;0.5614008741063523
2016-02-06;0.6576187870487047
2016-02-07;0.5210947130722666
2016-02-08;0.4489914956136344
2016-02-09;0.45727322813978794
2016-02-10;0.4057889706647316
2016-02-11;0.4659928723822971
2016-02-12;0.556295431063322
2016-02-13;0.6509545633316065
2016-02-14;0.26315215139715603
2016-02-15;0.4616126317092413
2016-02-16;0.4458031189149611
2016-02-17;0.46917966195158795
2016-02-18;0.46435350629911326
2016-02-19;0.4286673792704831
2016-02-20;0.41557884717669435
2016-02-21;0.4198883054897527
2016-02-22;0.38211053136491874
2016-02-23;0.4217568290772547
2016-02-24;0.39738935927644464
2016-02-25;0.49281206302914465
2016-02-26;0.4006561387983088
2016-02-27;0.4143332732567301
2016-02-28;0.37772970522443455
2016-02-29;0.4183348425167739
2016-03-01;0.41375348632100256
2016-03-02;0.408572908336992
2016-03-03;0.4274206227788514
2016-03-04;0.42604374853950394
2016-03-05;0.2801499985296717
2016-03-06;0.0668653199181383
2016-03-07;0.4906404719296506
2016-03-08;0.523102613617714
2016-03-09;0.3792316456617733
2016-03-10;0.44393590169749114
2016-03-11;0.5669688545978826
2016-03-12;0.6551557854536405
2016-03-13;0.5006743692792952
2016-03-14;0.42252711462835757
2016-03-15;0.33846665506313567
2016-03-16;0.3872430938640789
2016-03-17;0.4365154484866102
2016-03-18;0.43187237075460744
2016-03-19;0.5421518825552081
2016-03-20;0.5472557324364073
2016-03-21;0.4780652341713157
2016-03-22;0.47382113084438254
2016-03-23;0.5936786583754093
2016-03-24;0.5324041648020518
2016-03-25;0.51668820872518
2016-03-26;0.6879878355086677
2016-03-27;0.46147251063470074
2016-03-28;0.42742204238676373
2016-03-29;0.4642878233986459
2016-03-30;0.4611656371960506
2016-03-31;0.46316889582334414
2016-04-01;0.5763751976413075
2016-04-02;0.6091111343280823
2016-04-03;0.43484189646881516
2016-04-04;0.45125684677812217
2016-04-05;0.4758725453161323
2016-04-06;0.49007223350560775
2016-04-07;0.42726698851955275
2016-04-08;0.5250782161415503
2016-04-09;0.4572458694628518
2016-04-10;0.4893317666795154
2016-04-11;0.5431702697625077
2016-04-12;0.4906587963652358
2016-04-13;0.48717499985456064
2016-04-14;0.48801757376960603
2016-04-15;0.4532760526306066
2016-04-16;0.5032552358189494
2016-04-17;0.48524763757691386
2016-04-18;0.5417004252448402
2016-04-19;0.3661673588211037
2016-04-20;0.525140638054742
2016-04-21;0.5116114501668068
2016-04-22;0.4055840499957961
2016-04-23;0.31693788411335155
2016-04-24;0.4105309500179416
2016-04-25;0.5199901066213791
2016-04-26;0.5598345065172298
2016-04-27;0.27178425052584815
2016-04-28;0.4166781951231822
2016-04-29;0.5398497967298321
2016-04-30;0.4125972244219156
2016-05-01;0.2433639285056112
2016-05-02;0.32389914700367606
2016-05-03;0.48965173463090994
2016-05-04;0.42467254541065586
2016-05-05;0.5287720817739655
2016-05-06;0.47126350178911786
2016-05-07;0.3711305174593857
2016-05-08;0.6913566463626921
2016-05-09;0.42446832382778893
2016-05-10;0.4522810136516058
2016-05-11;0.5581950704647215
2016-05-12;0.460443077759657
2016-05-13;0.5823246407989744
2016-05-14;0.6455909594870314
2016-05-15;0.6372378998809533
2016-05-16;0.5731079623467032
2016-05-17;0.5964088050238698
2016-05-18;0.5813354453646938
2016-05-19;0.4934856842628566
2016-05-20;0.48250117280741495
2016-05-21;0.570738576016896
2016-05-22;0.8002657629174876
2016-05-23;0.5099940707599716
2016-05-24;0.3859121897581276
2016-05-25;0.49558308524780376
2016-05-26;0.5581164692864669
2016-05-27;0.36264953321541527
2016-05-28;0.5155343557868896
2016-05-29;0.17029586390169862
2016-05-30;0.429912668110368
2016-05-31;0.41285275947711075
2016-06-01;0.4653910816263471
2016-06-02;0.3352035584087929
2016-06-03;0.39162939896912263
2016-06-04;0.25753381488626953
2016-06-05;0.42368785564938216
2016-06-06;0.39789146658954383
2016-06-07;0.41613935932065693
2016-06-08;0.41050167788236896
2016-06-09;0.6230029174790285
2016-06-10;0.46109364287227744
2016-06-11;0.6278809913240063
2016-06-12;0.3370104492847285
2016-06-13;0.4483720621721715
2016-06-14;0.46747979193348066
2016-06-15;0.4628604926074041
2016-06-16;0.5194955143134835
2016-06-17;0.405072475431692
2016-06-18;0.3361213169525248
2016-06-19;0.5669667994238807
2016-06-20;0.5006561005156894
2016-06-21;0.45980873891000734
2016-06-22;0.4595750772069209
2016-06-23;0.44450243453929894
2016-06-24;0.45618692804417293
2016-06-25;0.4055325400178286
2016-06-26;0.3261003488155807
2016-06-27;0.4316911270050901
2016-06-28;0.4437474675448765
2016-06-29;0.43817392059283405
2016-06-30;0.4687937426686311
2016-07-01;0.4874339822512505
2016-07-02;0.40728578578791014
2016-07-03;0.35676085964268933
2016-07-04;0.43158521900743724
2016-07-05;0.4775690380074498
2016-07-06;0.49135392472747036
2016-07-07;0.33207517790118307
2016-07-08;0.4299924836576613
2016-07-09;0.5930141797703463
2016-07-10;0.6978444457055586
2016-07-11;0.4709074670199987
2016-07-12;0.4560581524324783
2016-07-13;0.35643134767045626
2016-07-14;0.4891396067936843
2016-07-15;0.38611297571497055
2016-07-16;0.4715347978512398
2016-07-17;0.5753773439675569
2016-07-18;0.4487438367573058
2016-07-19;0.516741574116857
2016-07-20;0.38599220550422697
2016-07-21;0.48049413356615245
2016-07-22;0.4465377546937791
2016-07-23;0.007458674755487561
2016-07-24;0.4123293167206243
2016-07-25;0.5322393436296323
2016-07-26;0.44310300805278385
2016-07-27;0.4902735699453025
2016-07-28;0.593954425114043
2016-07-29;0.5336992234632593
2016-07-30;0.6546442285180092
2016-07-31;0.5840524712893208
2016-08-01;0.49632687707172374
2016-08-02;0.5176517386683114
2016-08-03;0.4364753787787048
2016-08-04;0.5004172766029373
2016-08-05;0.4199053233232725
2016-08-06;0.001302105956710875
2016-08-07;0.0001276871917070821
2016-08-08;0.39995226164840086
2016-08-09;0.40954105609766983
2016-08-10;0.4407112784509317
2016-08-11;0.5434069629099797
2016-08-12;0.4042838637620309
2016-08-13;0.4969351837084105
2016-08-14;0.4898994052782655
2016-08-15;0.5321421272865234
2016-08-16;0.2523485246865258
2016-08-17;0.3363189928115556
2016-08-18;0.6460634230548807
2016-08-19;0.49561689352401433
2016-08-20;0.015616227148711916
2016-08-21;0.11397905683763081
2016-08-22;0.3951210902517285
2016-08-23;0.49085122916683677
2016-08-24;0.551392462976598
2016-08-25;0.4029319807599521
2016-08-26;0.3770287392860441
2016-08-27;0.3378914752302812
2016-08-28;0.20500930329441758
2016-08-29;0.48803231569571653
2016-08-30;0.35677249124604593
2016-08-31;0.3702446850332324
2016-09-01;0.5956693843348925
2016-09-02;0.526492923622568
2016-09-03;0.46410585414382416
2016-09-04;0.4853173270093276
2016-09-05;0.3672718621555502
2016-09-06;0.4259460639309833
2016-09-07;0.37990044483672664
2016-09-08;0.3748971781556208
2016-09-09;0.44096611437822264
2016-09-10;0.4687268814127586
2016-09-11;0.34766430045266045
2016-09-12;0.3914173136946377
2016-09-13;0.4484184146735345
2016-09-14;0.45364278008395525
2016-09-15;0.39440092047539604
2016-09-16;0.4510699558178688
2016-09-17;0.442050663412374
2016-09-18;0.410665364449945
2016-09-19;0.506433943993739
2016-09-20;0.4949000368283615
2016-09-21;0.5196952106275184
2016-09-22;0.38484465682390046
2016-09-23;0.4874321134214333
2016-09-24;0.4065425497487496
2016-09-25;0.4159430262345929
2016-09-26;0.47370170941742284
2016-09-27;0.49603878462683904
2016-09-28;0.47845229578688525
2016-09-29;0.4209752868845466
2016-09-30;0.42975171686523195
2016-10-01;0.531857036280131
2016-10-02;0.7105457782745361
2016-10-03;0.4750191770150704
2016-10-04;0.5840271880576402
2016-10-05;0.4299275858386495
2016-10-06;0.3935650143271114
2016-10-07;0.5052613096665397
2016-10-08;0.37985532189728727
2016-10-09;0.55831132180314
2016-10-10;0.46176102827778076
2016-10-11;0.5545528564578004
2016-10-12;0.62810512523174
2016-10-13;0.4631098005949699
2016-10-14;0.41119591949373
2016-10-15;0.4253130309191161
2016-10-16;0.6688872319436889
2016-10-17;0.4065688727994624
2016-10-18;0.5016507862916042
2016-10-19;0.49796087599755273
2016-10-20;0.4318634736940007
2016-10-21;0.4766954691969162
2016-10-22;0.5586251534052002
2016-10-23;0.6006437104064059
2016-10-24;0.35866178554759415
2016-10-25;0.4140643391687597
2016-10-26;0.5302230794101895
2016-10-27;0.478709291447648
2016-10-28;0.5096233434131926
2016-10-29;0.4425337656093348
2016-10-30;0.4654972779790055
2016-10-31;0.4799239642772482
2016-11-01;0.2683363449430429
2016-11-02;0.4490987763395042
2016-11-03;0.4595429784310379
2016-11-04;0.49059537692751365
2016-11-05;0.6342430097380808
2016-11-06;0.63869291516797
2016-11-07;0.5213835940680017
2016-11-08;0.4452890140512512
2016-11-09;0.4644281578788541
2016-11-10;0.42823549048716036
2016-11-11;0.5463814620085407
2016-11-12;0.6732760537130501
2016-11-13;0.718071737751274
2016-11-14;0.39407399840697244
2016-11-15;0.4711755192456204
2016-11-16;0.5202000741010016
2016-11-17;0.43944502035004507
2016-11-18;0.5135159764462053
2016-11-19;0.5717728563564984
2016-11-20;0.2416047602891922
2016-11-21;0.43987213791256785
2016-11-22;0.4039849759314629
2016-11-23;0.4997648884663491
2016-11-24;0.5030456628160436
2016-11-25;0.5862863875013666
2016-11-26;0.26743625219069145
2016-11-27;0.4459820990554828
2016-11-28;0.3202395289956119
2016-11-29;0.4099942729181353
2016-11-30;0.43331355471369604
2016-12-01;0.4993308391720328
2016-12-02;0.5191985004483803
2016-12-03;0.3471478069392028
2016-12-04;0.2899870988745761
2016-12-05;0.4922884297973898
2016-12-06;0.4543843486786548
2016-12-07;0.4681232474951182
2016-12-08;0.4982065899976959
2016-12-09;0.47639448119594263
2016-12-10;0.19144551430680504
2016-12-11;0.5441890530091664
2016-12-12;0.38713374008340845
2016-12-13;0.38742128820936933
2016-12-14;0.3549676174137082
2016-12-15;0.34591944541729075
2016-12-16;0.4494760579410059
2016-12-17;0.39605616288026796
2016-12-18;0.6233274042606354
2016-12-19;0.34333459563788443
2016-12-20;0.47697461165533067
2016-12-21;0.414565058563726
2016-12-22;0.5576500720171081
2016-12-23;0.5116961565206594
2016-12-24;0.3611677080953086
2016-12-25;0.9942991733551024
2016-12-26;0.3694796708420462
2016-12-27;0.4359347392697211
2016-12-28;0.5274808332970026
2016-12-29;0.5043847336372671
2016-12-30;0.3694197681751877
2016-12-31;0.7338417775130698
2017-01-01;0.37261115771735276
2017-01-02;0.4180341307729681
2017-01-03;0.48675923152822126
2017-01-04;0.5078631601676915
2017-01-05;0.46113017641435633
2017-01-06;0.41847271971569916
2017-01-07;7.51088044768459e-10
2017-01-08;3.1054441462785576e-08
2017-01-09;0.40956789300576874
2017-01-10;0.42734385695719945
2017-01-11;0.4306873935831653
2017-01-12;0.5618659134402132
2017-01-13;0.3624218408112759
2017-01-14;0.5166322043029746
2017-01-15;0.3096813849581991
2017-01-16;0.5323016613457997
2017-01-17;0.4025179785400981
2017-01-18;0.3268574112631393
2017-01-19;0.514617642889722
2017-01-20;0.47701104093072944
2017-01-21;0.6056316439062357
2017-01-22;0.5404711865348446
2017-01-23;0.3818611830136386
2017-01-24;0.5785247856372006
2017-01-25;0.4393724740043457
2017-01-26;0.46615074664890715
2017-01-27;0.5951561045172111
2017-01-28;3.582306597656645e-08
2017-01-29;0.35898789128554687
2017-01-30;0.5162241052704423
2017-01-31;0.39760369393422595
2017-02-01;0.4145920536255695
2017-02-02;0.4487696147172414
2017-02-03;0.4711781149260451
2017-02-04;6.431634602677151e-08
2017-02-05;0.6082195443549238
2017-02-06;0.495674045019401
2017-02-07;0.46132919901389413
2017-02-08;0.3992627338926933
2017-02-09;0.40799704459263875
2017-02-10;0.3835803711801931
2017-02-11;0.6715551788613303
2017-02-12;0.5416868878466755
2017-02-13;0.4924530489358479
2017-02-14;0.48262810437688025
2017-02-15;0.43321874268527255
2017-02-16;0.4942965388322111
2017-02-17;0.47449743414771584
2017-02-18;0.5094960764204758
2017-02-19;0.5507219726397528
2017-02-20;0.4372191069101159
2017-02-21;0.3327838822722307
2017-02-22;0.4373113791140064
2017-02-23;0.4683683720327946
2017-02-24;0.49614328163515437
2017-02-25;0.26161366983614476
2017-02-26;0.47408336916800714
2017-02-27;0.4683296601967929
2017-02-28;0.45432782927737336
2017-03-01;0.39176161214320393
2017-03-02;0.4448602985390802
2017-03-03;0.3691656193119058
2017-03-04;0.5594457227154805
2017-03-05;0.2621363094853091
2017-03-06;0.4176861713752744
2017-03-07;0.38868550429175214
2017-03-08;0.4201570649273094
2017-03-09;0.43086611764374216
2017-03-10;0.3565173023431463
2017-03-11;0.4765358475260655
2017-03-12;0.5582546627566837
2017-03-13;0.385112453913275
2017-03-14;0.45626664518406074
2017-03-15;0.4795066755781997
2017-03-16;0.5336444488972071
2017-03-17;0.5442663541737809
2017-03-18;0.43728679839081
2017-03-19;0.40082277531902266
2017-03-20;0.5298901840360719
2017-03-21;0.48310035020989
2017-03-22;0.423349451780076
2017-03-23;0.38323348733578916
2017-03-24;0.4672637988069071
2017-03-25;0.5374756588185865
2017-03-26;0.49533922707734657
2017-03-27;0.3815141092218112
2017-03-28;0.4539739332212719
2017-03-29;0.35115086335869095
2017-03-30;0.4632676936290579
2017-03-31;0.4725302917309391
2017-04-01;0.5127309481707395
2017-04-02;0.3657707761848152
2017-04-03;0.46577342584531456
2017-04-04;0.49646775911361507
2017-04-05;0.5733963038606982
2017-04-06;0.423659805640111
2017-04-07;0.4662314020059507
2017-04-08;0.29104482092288525
2017-04-09;0.4394100192828493
2017-04-10;0.5031081119447727
2017-04-11;0.44118377176004847
2017-04-12;0.47391745587897743
2017-04-13;0.5007471869105793
2017-04-14;0.46922700458192895
2017-04-15;0.3497425043216697
2017-04-16;0.23234613988183667
2017-04-17;0.41435448770727007
2017-04-18;0.3675762357278775
2017-04-19;0.4959686876834751
2017-04-20;0.4534926170040238
2017-04-21;0.5189395792828834
2017-04-22;0.24421920966920876
2017-04-23;0.5357178225257366
2017-04-24;0.48174331969628925
2017-04-25;0.4783146741578745
2017-04-26;0.43594946694318276
2017-04-27;0.2946693003821478
2017-04-28;0.3780631416517421
2017-04-29;0.5965337404434953
2017-04-30;0.5424097694671957
2017-05-01;0.3855022695127207
2017-05-02;0.4997266812501435
2017-05-03;0.3368256966679531
2017-05-04;0.4703684374788378
2017-05-05;0.4242139525465816
2017-05-06;0.457607717028802
2017-05-07;0.6653133508999881
2017-05-08;0.5441381471412707
2017-05-09;0.4609537804229961
2017-05-10;0.5369288974760513
2017-05-11;0.5299011596657373
2017-05-12;0.4295558252784598
2017-05-13;0.43428434409003575
2017-05-14;0.6328875783204759
2017-05-15;0.5249960214861639
2017-05-16;0.4952494134245566
2017-05-17;0.43621759399750326
2017-05-18;0.46048118395822873
2017-05-19;0.5479583870892227
2017-05-20;0.38164083315703035
2017-05-21;0.5343080469804894
2017-05-22;0.42009513018713596
2017-05-23;0.4801384853311876
2017-05-24;0.44052358969144606
2017-05-25;0.4741692373469929
2017-05-26;0.4033388301530481
2017-05-27;0.4738486234081999
2017-05-28;0.5395422493674383
2017-05-29;0.40579841859741306
2017-05-30;0.37557574838118524
2017-05-31;0.5051636028847443
2017-06-01;0.4556289857057975
2017-06-02;0.49753281023816465
2017-06-03;0.45443840050046025
2017-06-04;0.5561023834423111
2017-06-05;0.41865955872770005
2017-06-06;0.4416794783417682
2017-06-07;0.5144733056146051
2017-06-08;0.5039683898653101
2017-06-09;0.386104076463204
2017-06-10;0.5065166115456787
2017-06-11;0.632614746096048
2017-06-12;0.4269242267795987
2017-06-13;0.3266053259745043
2017-06-14;0.4486234919609758
2017-06-15;0.3750279182609268
2017-06-16;0.553300132793783
2017-06-17;0.495672457046182
2017-06-18;0.6787005174390266
2017-06-19;0.34972973638502375
2017-06-20;0.40793632907248206
2017-06-21;0.4701294346826546
2017-06-22;0.379950393031142
2017-06-23;0.4588910373235341
2017-06-24;0.5409931461714829
2017-06-25;0.36129554223195215
2017-06-26;0.43302435360174096
2017-06-27;0.36693742781593686
2017-06-28;0.43960974818824655
2017-06-29;0.32470842186004056
2017-06-30;0.3590012937193491
2017-07-01;0.42178412138096727
2017-07-02;0.40249648515057573
2017-07-03;0.35951603571070456
2017-07-04;0.5383786967590944
2017-07-05;0.40251733029421827
2017-07-06;0.42310926409775373
2017-07-07;0.48054836951389146
2017-07-08;0.36188232229687856
2017-07-09;0.6390668197223022
2017-07-10;0.4355704756842329
2017-07-11;0.4310575846941007
2017-07-12;0.4101026373724311
2017-07-13;0.40360029840070666
2017-07-14;0.4784720927510541
2017-07-15;0.5811242484196555
2017-07-16;0.3940045643774268
2017-07-17;0.4147885390525198
2017-07-18;0.43524853172089234
2017-07-19;0.44631875356777667
2017-07-20;0.48821777031922003
2017-07-21;0.6182423956310485
2017-07-22;0.38737978512508564
2017-07-23;0.6336738230835515
2017-07-24;0.4826484830101144
2017-07-25;0.41775567277024206
2017-07-26;0.5049267734334094
2017-07-27;0.360671264570291
2017-07-28;0.4483430584945948
2017-07-29;3.7206180422799655e-05
2017-07-30;0.4561647930409243
2017-07-31;0.48955397770576475
2017-08-01;0.412380399970566
2017-08-02;0.37844319422041345
2017-08-03;0.383997838794447
2017-08-04;0.24225771103077656
2017-08-05;0.00041709369399433113
2017-08-06;0.6102100272226778
2017-08-07;0.41389372305827576
2017-08-08;0.3763439396738452
2017-08-09;0.3394261081250027
2017-08-10;0.43219749174187055
2017-08-11;0.5236580734566963
2017-08-12;0.3335295687222768
2017-08-13;6.661809379693295e-07
2017-08-14;0.285592511402046
2017-08-15;0.41351467483081383
2017-08-16;0.4037819774035078
2017-08-17;0.44826454085365697
2017-08-18;0.5176049207928477
2017-08-19;0.4139004945831416
2017-08-20;0.3326353115772286
2017-08-21;0.5246079563827352
2017-08-22;0.5120940168624287
2017-08-23;0.442900266013709
2017-08-24;0.4674281759271283
2017-08-25;0.2923631084602431
2017-08-26;0.5783214638055748
2017-08-27;0.9999874830245972
2017-08-28;0.4386386764999824
2017-08-29;0.532737384963866
2017-08-30;0.49295176718359784
2017-08-31;0.4343368701846234
2017-09-01;0.5073260273693866
2017-09-02;0.49271398927687593
2017-09-03;0.26086398812719835
2017-09-04;0.3812068251136155
2017-09-05;0.38828681664698417
2017-09-06;0.44755599931070894
2017-09-07;0.3575370400947757
2017-09-08;0.5168041269318459
2017-09-09;0.5168706595697549
2017-09-10;0.2560067497309109
2017-09-11;0.4224581834716131
2017-09-12;0.41321473084114674
2017-09-13;0.454314005891644
2017-09-14;0.4050631178010915
2017-09-15;0.3771796225936539
2017-09-16;0.5043388997755756
2017-09-17;0.6068044900894215
2017-09-18;0.4366718020013312
2017-09-19;0.4559709026585212
2017-09-20;0.49696526652545436
2017-09-21;0.5648266726353554
2017-09-22;0.48504448728490507
2017-09-23;0.3021457200246738
2017-09-24;0.38347287352169884
2017-09-25;0.5327053226349071
2017-09-26;0.4084112079019083
2017-09-27;0.4859413866877153
2017-09-28;0.42717599819179636
2017-09-29;0.4163109728243522
2017-09-30;0.2701393274024089
2017-10-01;0.48800403002254217
2017-10-02;0.5288601159809436
2017-10-03;0.4333435601240546
2017-10-04;0.5062022611024591
2017-10-05;0.40449391374904203
2017-10-06;0.5121008380927043
2017-10-07;0.4279307766872675
2017-10-08;0.6416076598070504
2017-10-09;0.4899352029117797
2017-10-10;0.45320430268918854
2017-10-11;0.4770970129601134
2017-10-12;0.5225743213909179
2017-10-13;0.541258888796083
2017-10-14;0.27878555724294707
2017-10-15;0.24207792616739057
2017-10-16;0.4124331079613546
2017-10-17;0.41371452625101834
2017-10-18;0.46207734540779055
2017-10-19;0.3880151767260315
2017-10-20;0.4427334054586792
2017-10-21;0.39541227073847646
2017-10-22;0.44671775375905265
2017-10-23;0.4897764348030714
2017-10-24;0.40858641469610313
2017-10-25;0.4313865483569266
2017-10-26;0.4225016436022856
2017-10-27;0.4285035201008346
2017-10-28;0.3693907867913519
2017-10-29;0.57771741002216
2017-10-30;0.4100465838118194
2017-10-31;0.4174439456080875
2017-11-01;0.3025179014546723
2017-11-02;0.5319450091037178
2017-11-03;0.4462915209622494
2017-11-04;0.5201267118007725
2017-11-05;0.500581059604885
2017-11-06;0.47192243996532585
2017-11-07;0.4040652478828432
2017-11-08;0.41677768685547406
2017-11-09;0.4871426068779599
2017-11-10;0.45946985610270613
2017-11-11;0.5377252062633103
2017-11-12;0.5341799975333814
2017-11-13;0.4396842833318742
2017-11-14;0.4337810090876927
2017-11-15;0.3846608348242139
2017-11-16;0.4864741143689843
2017-11-17;0.47917687063264913
2017-11-18;0.3118164441843163
2017-11-19;0.5311107373563573
2017-11-20;0.4300853511018019
2017-11-21;0.4305979564914011
2017-11-22;0.5174241356067733
2017-11-23;0.4743785301056732
2017-11-24;0.45673432548873183
2017-11-25;0.4011001503133772
2017-11-26;0.207413575706287
2017-11-27;0.39151049123233017
2017-11-28;0.3930998643818426
2017-11-29;0.46735403324508823
2017-11-30;0.5157997625286499
2017-12-01;0.44404767552025437
2017-12-02;0.20028759970303725
2017-12-03;0.20855384792799203
2017-12-04;0.39439321996788296
2017-12-05;0.4282660201839673
2017-12-06;0.42886549614278763
2017-12-07;0.40953849734929176
2017-12-08;0.3451620257941176
2017-12-09;0.41849295820818044
2017-12-10;0.24994914367717908
2017-12-11;0.3889312722013754
2017-12-12;0.4607343901289552
2017-12-13;0.545600188983241
2017-12-14;0.338958798960198
2017-12-15;0.4368743314943481
2017-12-16;0.04822775051149625
2017-12-17;0.21832528695894157
2017-12-18;0.38713403902519794
2017-12-19;0.46484693352031
2017-12-20;0.4875261564333961
2017-12-21;0.4338932444262994
2017-12-22;0.42735564674060356
2017-12-23;0.5069794983906037
2017-12-24;0.3529809509012856
2017-12-25;0.7304778695106506
2017-12-26;0.4910957146209266
2017-12-27;0.35140244806950605
2017-12-28;0.5005198239878559
2017-12-29;0.34915613653595906
2017-12-30;0.7032424807548523
2017-12-31;0.48924952783757386
2018-01-01;0.5356729760403921
2018-01-02;0.39999220007493624
2018-01-03;0.4468111479208066
2018-01-04;0.4470615407078282
2018-01-05;0.37480696795546725
2018-01-06;5.0023517506048165e-06
2018-01-07;1.3060638182939287e-14
2018-01-08;0.4314068663084337
2018-01-09;0.3208113950249061
2018-01-10;0.44976662468424944
2018-01-11;0.38137690509014693
2018-01-12;0.28820309419784784
2018-01-13;0.33371203135000843
2018-01-14;0.16872661053155621
2018-01-15;0.513695966288517
2018-01-16;0.4532243823394814
2018-01-17;0.3615418696359917
2018-01-18;0.4478349379219746
2018-01-19;0.42906945571136895
2018-01-20;0.35084018812638007
2018-01-21;0.48257335030211834
2018-01-22;0.44780199367285056
2018-01-23;0.42934031017115476
2018-01-24;0.550546432553596
2018-01-25;0.38602136163890294
2018-01-26;0.48302482637428507
2018-01-27;0.38212221400269164
2018-01-28;0.34761024671057783
2018-01-29;0.45821052268538265
2018-01-30;0.3941122618161817
2018-01-31;0.4646247099596373
2018-02-01;0.4495922546326632
2018-02-02;0.4779358033618102
2018-02-03;0.39771429352354737
2018-02-04;0.3525993172732518
2018-02-05;0.5331036490191174
2018-02-06;0.4380229576736127
2018-02-07;0.4686186857791359
2018-02-08;0.4692665851821431
2018-02-09;0.4626640822389074
2018-02-10;0.056877076625823975
2018-02-11;0.5882203730587889
2018-02-12;0.41983937046089465
2018-02-13;0.4407255104353128
2018-02-14;0.4325701432055136
2018-02-15;0.5033055025077515
2018-02-16;0.5014853974230135
2018-02-17;0.4986924110686622
2018-02-18;0.36493209961698075
2018-02-19;0.4671503706670411
2018-02-20;0.4508843202397549
2018-02-21;0.3035900919243889
2018-02-22;0.48612489254363833
2018-02-23;0.3875293480931357
2018-02-24;0.5869389402525691
2018-02-25;0.5415473083699792
2018-02-26;0.40769478088670935
2018-02-27;0.4156031678941501
2018-02-28;0.5209710585995153
2018-03-01;0.5202868575839379
2018-03-02;0.38728421608164026
2018-03-03;0.3285132075550842
2018-03-04;0.5280712816881229
2018-03-05;0.4774754699661143
2018-03-06;0.4415534946022738
2018-03-07;0.3425773661305457
2018-03-08;0.3536783779991073
2018-03-09;0.5073492034748718
2018-03-10;0.1649566951475024
2018-03-11;0.332630379404232
2018-03-12;0.3194313234437016
2018-03-13;0.43297386834584134
2018-03-14;0.4073273821109826
2018-03-15;0.42976974930199774
2018-03-16;0.3859939847967809
2018-03-17;0.4984914257732541
2018-03-18;0.6134041379240239
2018-03-19;0.44142447509326144
2018-03-20;0.4003167464129687
2018-03-21;0.47816437358741154
2018-03-22;0.4924401153333664
2018-03-23;0.4145350079475177
2018-03-24;0.4686783963591383
2018-03-25;0.38136871591600136
2018-03-26;0.4607340678973797
2018-03-27;0.46454259437749107
2018-03-28;0.39112280430215013
2018-03-29;0.32399982584711495
2018-03-30;0.46022470983649555
2018-03-31;0.49558209907264295
2018-04-01;0.6912446655333042
2018-04-02;0.5850810661629466
2018-04-03;0.4520080455937801
2018-04-04;0.5038683287224075
2018-04-05;0.4451933608164672
2018-04-06;0.4375547260356439
2018-04-07;0.3900601728773208
2018-04-08;0.5413405566242488
2018-04-09;0.4976270529214827
2018-04-10;0.46118529260698315
2018-04-11;0.5317478701966349
2018-04-12;0.3881230373172871
2018-04-13;0.5014345579761263
2018-04-14;0.31013226198406113
2018-04-15;0.642918528888002
2018-04-16;0.4270734678462341
2018-04-17;0.48543777309640723
2018-04-18;0.4253355063377835
2018-04-19;0.5380465092326878
2018-04-20;0.5261021122683576
2018-04-21;0.4487553531154763
2018-04-22;0.5361213296128476
2018-04-23;0.49096017687428173
2018-04-24;0.5304214064444367
2018-04-25;0.480932524126743
2018-04-26;0.4647463369110135
2018-04-27;0.5103004567106764
2018-04-28;0.625518928938122
2018-04-29;0.5640678880739962
2018-04-30;0.4346954725597408
2018-05-01;0.40986756095330096
2018-05-02;0.5310580292927356
2018-05-03;0.46853317589727195
2018-05-04;0.4804109440380016
2018-05-05;0.4117539960887741
2018-05-06;0.44499982824127887
2018-05-07;0.48257717971104097
2018-05-08;0.4798929023564751
2018-05-09;0.45100855513803445
2018-05-10;0.5241760050911711
2018-05-11;0.5240640141862686
2018-05-12;0.7120552385846773
2018-05-13;0.749888767626544
2018-05-14;0.5057118773417505
2018-05-15;0.3991679333833541
2018-05-16;0.36467148345392314
2018-05-17;0.4439872240661571
2018-05-18;0.5596416104752282
2018-05-19;0.5500832973484648
2018-05-20;0.10591540158826544
2018-05-21;0.4802906290595892
2018-05-22;0.545005770767656
2018-05-23;0.5424837313057748
2018-05-24;0.45646923804335593
2018-05-25;0.46150012818753194
2018-05-26;0.5850383133119976
2018-05-27;0.3523291675071241
2018-05-28;0.4582795097566096
2018-05-29;0.45015108827618294
2018-05-30;0.4334714078684797
2018-05-31;0.530090357560441
2018-06-01;0.37670574160118203
2018-06-02;0.42855595268364205
2018-06-03;0.49627878471131615
2018-06-04;0.43760502719358024
2018-06-05;0.4657555698565507
2018-06-06;0.4911414572069563
2018-06-07;0.47422523373678216
2018-06-08;0.4513426508693645
2018-06-09;0.7387768754337165
2018-06-10;0.5674042666647607
2018-06-11;0.4656534830648663
2018-06-12;0.4297317507880523
2018-06-13;0.4423157417223094
2018-06-14;0.4658656263225069
2018-06-15;0.5427280763227383
2018-06-16;0.49083413423039074
2018-06-17;0.4816825077626466
2018-06-18;0.4229912187410573
2018-06-19;0.4779550203731215
2018-06-20;0.5691401227672568
2018-06-21;0.4129710728090915
2018-06-22;0.47564151944857397
2018-06-23;0.3101531378458643
2018-06-24;0.20100875878881563
2018-06-25;0.49232679293209375
2018-06-26;0.3187036142322518
2018-06-27;0.47220966108188694
2018-06-28;0.43677623697013357
2018-06-29;0.43688392999289477
2018-06-30;0.34487048985962093
2018-07-01;0.21246337794255507
2018-07-02;0.5060060054525561
2018-07-03;0.3572144797790672
2018-07-04;0.4763707167967643
2018-07-05;0.4669111125052087
2018-07-06;0.4569400918441003
2018-07-07;0.27715170974359044
2018-07-08;0.5136143792621767
2018-07-09;0.4719631006826491
2018-07-10;0.5000305708701109
2018-07-11;0.4503774329304101
2018-07-12;0.4422717717142474
2018-07-13;0.4809077210487685
2018-07-14;0.38503953188315954
2018-07-15;0.51085935777337
2018-07-16;0.4166051732300437
2018-07-17;0.3488047420739892
2018-07-18;0.43576737900891765
2018-07-19;0.3671554757428467
2018-07-20;0.4801029656057113
2018-07-21;0.6820372752845287
2018-07-22;0.3014716817953169
2018-07-23;0.47345780656482256
2018-07-24;0.4934049572201569
2018-07-25;0.5036793878624405
2018-07-26;0.5481402602737088
2018-07-27;0.40660584138578937
2018-07-28;0.24869749152919754
2018-07-29;0.7697138264775276
2018-07-30;0.533265676717175
2018-07-31;0.43344191462693427
2018-08-01;0.5999223219833956
2018-08-02;0.3676663329143943
2018-08-03;0.48745189032447045
2018-08-04;0.6231913696209794
2018-08-05;0.5712950463242032
2018-08-06;0.36674425925963827
2018-08-07;0.5242879101197736
2018-08-08;0.5720172233258628
2018-08-09;0.4858579315803909
2018-08-10;0.5794717757650163
2018-08-11;0.6680606454610825
2018-08-12;0.25305496660436505
2018-08-13;0.47734839015900643
2018-08-14;0.5369709865150656
2018-08-15;0.5799711815870077
2018-08-16;0.419433359193253
2018-08-17;0.5075444738186928
2018-08-18;0.3850774396693595
2018-08-19;0.656031302545307
2018-08-20;0.4832935909202171
2018-08-21;0.4882964971307055
2018-08-22;0.39905190449957867
2018-08-23;0.6150974339683192
2018-08-24;0.5791326957652706
2018-08-25;0.4942465302790839
2018-08-26;0.3999145792050348
2018-08-27;0.5787420781890963
2018-08-28;0.2857991125121131
2018-08-29;0.47622233344129705
2018-08-30;0.46267594368661724
2018-08-31;0.42377785846280547
2018-09-01;0.34883155759073053
2018-09-02;0.5125065258864656
2018-09-03;0.3908766469840625
2018-09-04;0.4052597618363478
2018-09-05;0.42703642477290643
2018-09-06;0.4631644513528027
2018-09-07;0.4584221673168752
2018-09-08;0.6076545950432773
2018-09-09;0.6177469660213859
2018-09-10;0.41670851876334547
2018-09-11;0.3779748247722155
2018-09-12;0.4376372218245538
2018-09-13;0.39148642376730053
2018-09-14;0.3934534594342628
2018-09-15;0.5170017489923339
2018-09-16;0.017408654158559633
2018-09-17;0.5468833313668637
2018-09-18;0.3848534728791622
2018-09-19;0.5021791425785146
2018-09-20;0.415054952271547
2018-09-21;0.4202836768090124
2018-09-22;0.3397860540749439
2018-09-23;0.45399618241824446
2018-09-24;0.42306626479982606
2018-09-25;0.3121320105110029
2018-09-26;0.46903120374534524
2018-09-27;0.5086853854326825
2018-09-28;0.5002395590739265
2018-09-29;0.5228939430230907
2018-09-30;0.29027047235896825
2018-10-01;0.5032099331387834
2018-10-02;0.43635398486555116
2018-10-03;0.4310563450679671
2018-10-04;0.47933298862266244
2018-10-05;0.5321287095791748
2018-10-06;0.41555791689043753
2018-10-07;0.520306961324934
2018-10-08;0.4044439789570478
2018-10-09;0.4150009692570781
2018-10-10;0.44001183484740314
2018-10-11;0.4339532530727398
2018-10-12;0.3476060850695728
2018-10-13;0.37287574585817956
2018-10-14;0.3383827908104512
2018-10-15;0.4756627289206047
2018-10-16;0.43773457282062495
2018-10-17;0.4735009904406545
2018-10-18;0.5274029042460542
2018-10-19;0.4504109705259697
2018-10-20;0.42296486455377863
2018-10-21;0.5629031940995695
2018-10-22;0.4866245972997511
2018-10-23;0.4225246754200023
2018-10-24;0.477703163687759
2018-10-25;0.44108170103272143
2018-10-26;0.4341520543370427
2018-10-27;0.3796948738091495
2018-10-28;0.3792396729747667
2018-10-29;0.5569807935075092
2018-10-30;0.3887047520850286
2018-10-31;0.37252881136719435
2018-11-01;0.18988928451267395
2018-11-02;0.4937384727007402
2018-11-03;0.10132346400954778
2018-11-04;0.4377373561681584
2018-11-05;0.40141008654612453
2018-11-06;0.4953282753309954
2018-11-07;0.4814253017701321
2018-11-08;0.40310392246062104
2018-11-09;0.5484094949998537
2018-11-10;0.5831961377698462
2018-11-11;0.4044460037260653
2018-11-12;0.39152811600598475
2018-11-13;0.40456295162548367
2018-11-14;0.4158095766242474
2018-11-15;0.4724168445396271
2018-11-16;0.4359352561756709
2018-11-17;0.4347161560327046
2018-11-18;0.12346560027089878
2018-11-19;0.4364500199594106
2018-11-20;0.31233612933549415
2018-11-21;0.46124509276133946
2018-11-22;0.4145157489752
2018-11-23;0.38697681069191253
2018-11-24;0.4141671330522036
2018-11-25;0.6347903298393144
2018-11-26;0.48038018618257605
2018-11-27;0.4373463284238888
2018-11-28;0.4938855877959045
2018-11-29;0.42283872532922756
2018-11-30;0.3386199224726287
2018-12-01;0.4657694701371107
2018-12-02;0.382646590885156
2018-12-03;0.42417731951248566
2018-12-04;0.46560400619483255
2018-12-05;0.39543450273627956
2018-12-06;0.3966278657290521
2018-12-07;0.6514406774357161
2018-12-08;0.4912451868354505
2018-12-09;0.34987638042404867
2018-12-10;0.5421505263783425
2018-12-11;0.46484564556253444
2018-12-12;0.407508978636928
2018-12-13;0.4422772266083907
2018-12-14;0.5375039447371533
2018-12-15;0.3044581054682342
2018-12-16;0.5442973295658804
2018-12-17;0.4238143301421074
2018-12-18;0.498899423643482
2018-12-19;0.4593445509417435
2018-12-20;0.4388913569734554
2018-12-21;0.5226360334560516
2018-12-22;0.5613082798179531
2018-12-23;0.5060082242252975
2018-12-24;0.6486319447164229
2018-12-25;0.584985289350152
2018-12-26;0.5000533363535036
2018-12-27;0.36516719446635404
2018-12-28;0.31927732237720535
2018-12-29;0.7948982463201333
2018-12-30;0.6258483099299793
2018-12-31;0.4261661940869696
2019-01-01;0.5687600698363114
2019-01-02;0.46429827162260023
2019-01-03;0.40157133107568643
2019-01-04;0.48746109529134
2019-01-05;0.5139910516941496
2019-01-06;0.5992492141127619
2019-01-07;0.02729354101390779
2019-01-08;0.4914458778383695
2019-01-09;0.3902038551958662
2019-01-10;0.41278061008054323
2019-01-11;0.39983602147978214
2019-01-12;0.22589849449345287
2019-01-13;0.4317724325464951
2019-01-14;0.4729638597408214
2019-01-15;0.3838927829374093
2019-01-16;0.3466772701527101
2019-01-17;0.3891429531163126
2019-01-18;0.4113348484720094
2019-01-19;0.5740688727301959
2019-01-20;0.6608465908575332
2019-01-21;0.3958241806320902
2019-01-22;0.4822715590330801
2019-01-23;0.4476590620329051
2019-01-24;0.47359146469411306
2019-01-25;0.4810788966275012
2019-01-26;0.5822365320050089
2019-01-27;0.3258490617937436
2019-01-28;0.5055155176918771
2019-01-29;0.47510689473985646
2019-01-30;0.43999585987963635
2019-01-31;0.45322115999957324
2019-02-01;0.4644900552653021
2019-02-02;0.5452990053380758
2019-02-03;0.6067089730875244
2019-02-04;0.4464806818234414
2019-02-05;0.5379237500826168
2019-02-06;0.5078465235484784
2019-02-07;0.4584325197747219
2019-02-08;0.3777221111638034
2019-02-09;0.3215534733843291
2019-02-10;0.32209859849718636
2019-02-11;0.45069517774004425
2019-02-12;0.4639292884521706
2019-02-13;0.366362663979127
2019-02-14;0.41876585793962556
2019-02-15;0.45729189815366705
2019-02-16;0.2997295510981117
2019-02-17;0.5159939181925666
2019-02-18;0.4308206449458706
2019-02-19;0.4067049724242116
2019-02-20;0.44627543627844357
2019-02-21;0.4535494963484882
2019-02-22;0.5108602334356342
2019-02-23;0.5856081654590143
2019-02-24;0.5146883803853608
2019-02-25;0.5207521523080952
2019-02-26;0.405915149930628
2019-02-27;0.40102169956766653
2019-02-28;0.46197900116603835
2019-03-01;0.4827802319659202
2019-03-02;0.3860580489872518
2019-03-03;0.4765019022471624
2019-03-04;0.4967688475956334
2019-03-05;0.4656883345492068
2019-03-06;0.5605578835566188
2019-03-07;0.328084253291707
2019-03-08;0.35004547839646954
2019-03-09;0.29376047859573856
2019-03-10;0.3115598327246888
2019-03-11;0.45017914742838366
2019-03-12;0.5380663907773031
2019-03-13;0.40345266273612607
2019-03-14;0.43780968159110095
2019-03-15;0.4937312566594765
2019-03-16;0.4295163225894324
2019-03-17;0.6063893281553724
2019-03-18;0.4545978712273242
2019-03-19;0.49444421760013346
2019-03-20;0.4731111925357807
2019-03-21;0.5599987970969741
2019-03-22;0.4753398500126944
2019-03-23;0.41826641784834023
2019-03-24;0.2662301119416952
2019-03-25;0.5022325008848008
2019-03-26;0.4572631164097681
2019-03-27;0.48727285699190065
2019-03-28;0.4209914750708036
2019-03-29;0.38937229215997105
2019-03-30;0.5227877253350095
2019-03-31;0.4189269372040778
2019-04-01;0.5174065845400398
2019-04-02;0.4828319532475293
2019-04-03;0.4092959370868972
2019-04-04;0.4255831135543158
2019-04-05;0.45231235558964894
2019-04-06;0.4498008008505826
2019-04-07;0.3445731059952877
2019-04-08;0.5239325499333262
2019-04-09;0.4047204957197001
2019-04-10;0.4589046975584528
2019-04-11;0.48957667006849903
2019-04-12;0.5018369385330763
2019-04-13;0.4787126380578499
2019-04-14;0.5036209760611996
2019-04-15;0.5351310505200186
2019-04-16;0.4145463620854825
2019-04-17;0.37206595040056123
2019-04-18;0.23695472896756545
2019-04-19;0.32431046415532366
2019-04-20;0.5312740612695706
2019-04-21;0.5024493109524176
2019-04-22;0.39702115041412855
2019-04-23;0.3872273464932509
2019-04-24;0.4848777457366974
2019-04-25;0.44792721285548337
2019-04-26;0.5160420330795662
2019-04-27;0.23726289596733194
2019-04-28;0.364405811911232
2019-04-29;0.43772224657871267
2019-04-30;0.4801959896664656
2019-05-01;0.5930403631429639
2019-05-02;0.48570512953007516
2019-05-03;0.4889877697736571
2019-05-04;0.25467203928120935
2019-05-05;0.23013472395778625
2019-05-06;0.4140392448887486
2019-05-07;0.3815861016140579
2019-05-08;0.4430442993068211
2019-05-09;0.49959777707830283
2019-05-10;0.41325433392523364
2019-05-11;0.2429780191038267
2019-05-12;0.36601135182531985
2019-05-13;0.4848553250762352
2019-05-14;0.44501991884008474
2019-05-15;0.6053806524096759
2019-05-16;0.4352486223606596
2019-05-17;0.44448059580302124
2019-05-18;0.6225583257265195
2019-05-19;0.11228520084982338
2019-05-20;0.5079857785253517
2019-05-21;0.3415417937806545
2019-05-22;0.4285489712820996
2019-05-23;0.42132963464316137
2019-05-24;0.4510871110651286
2019-05-25;0.2550319034211012
2019-05-26;0.357722664032925
2019-05-27;0.4378424115610291
2019-05-28;0.483571626831648
2019-05-29;0.46238723187127045
2019-05-30;0.47465131174409597
2019-05-31;0.43552677697919523
2019-06-01;0.3646207440683136
2019-06-02;0.4241412886735656
2019-06-03;0.5268172904268303
2019-06-04;0.5290183324648795
2019-06-05;0.36386109021990615
2019-06-06;0.46057404550403175
2019-06-07;0.499064781597871
2019-06-08;0.5037292446450903
2019-06-09;0.591979262579116
2019-06-10;0.4967397132793766
2019-06-11;0.4324155473952976
2019-06-12;0.402948886814594
2019-06-13;0.5168279724671921
2019-06-14;0.4786638478762469
2019-06-15;0.4623632893468376
2019-06-16;0.7609755691794109
2019-06-17;0.4596523982059815
2019-06-18;0.5150111458968721
2019-06-19;0.319207275772465
2019-06-20;0.4930281386375266
2019-06-21;0.4665985356209816
2019-06-22;0.4290513165146227
2019-06-23;0.44000399652999517
2019-06-24;0.45826249166071753
2019-06-25;0.4442592949573113
2019-06-26;0.4854059322319846
2019-06-27;0.38647882877405654
2019-06-28;0.38874417498933256
2019-06-29;0.18488111156560186
2019-06-30;0.1465486669269119
2019-07-01;0.44268359274178287
2019-07-02;0.4452246164796126
2019-07-03;0.42386727562984644
2019-07-04;0.3819406240826468
2019-07-05;0.2651370173137694
2019-07-06;0.5392976955045037
2019-07-07;0.2615999520246657
2019-07-08;0.40695732189046335
2019-07-09;0.42509162518374327
2019-07-10;0.39550473646759793
2019-07-11;0.5176823095061628
2019-07-12;0.396214641419129
2019-07-13;0.3230466412413798
2019-07-14;0.29747652654644535
2019-07-15;0.3636076610339681
2019-07-16;0.4686481037475285
2019-07-17;0.3871577810166303
2019-07-18;0.42533046392243895
2019-07-19;0.4994075556700696
2019-07-20;0.44600901542934873
2019-07-21;0.6255110644242028
2019-07-22;0.4224346420291203
2019-07-23;0.5537508842163228
2019-07-24;0.4377738954682727
2019-07-25;0.5364360447203098
2019-07-26;0.4229894411355556
2019-07-27;0.3050699029703826
2019-07-28;0.3790739605471459
2019-07-29;0.45968161412768455
2019-07-30;0.43320817622258645
2019-07-31;0.41808985509110996
2019-08-01;0.3338771925689673
2019-08-02;0.4608353213044163
2019-08-03;0.500984650705602
2019-08-04;0.7270460690378968
2019-08-05;0.564153240020242
2019-08-06;0.5119909264619245
2019-08-07;0.4699572824609898
2019-08-08;0.5132222077902925
2019-08-09;0.5163672434719375
2019-08-10;0.3423807524510624
2019-08-11;0.002671580703541065
2019-08-12;0.5275451800646469
2019-08-13;0.5989884297255982
2019-08-14;0.5128730876123782
2019-08-15;0.543587706646114
2019-08-16;0.4625848795873837
2019-08-17;0.33986610234137515
2019-08-18;0.35282963425606795
2019-08-19;0.44079439346143656
2019-08-20;0.6191784699186829
2019-08-21;0.5308296979955311
2019-08-22;0.4932482842104597
2019-08-23;0.4181048777512343
2019-08-24;0.3714903599285333
2019-08-25;0.4462795952955882
2019-08-26;0.5176719627436537
2019-08-27;0.5060365354843269
2019-08-28;0.3561141958941047
2019-08-29;0.41560017271710514
2019-08-30;0.46327127086884773
2019-08-31;0.27343916259283707
2019-09-01;0.40048820452595013
2019-09-02;0.3091269688899915
2019-09-03;0.3929530922642491
2019-09-04;0.3685427421792715
2019-09-05;0.37542051337878357
2019-09-06;0.4030547634069938
2019-09-07;0.47934669107193656
2019-09-08;0.6485759809534515
2019-09-09;0.48362803717657465
2019-09-10;0.4723045015971981
2019-09-11;0.5063980432881512
2019-09-12;0.4540791729451565
2019-09-13;0.4401532238561409
2019-09-14;0.41336980824404396
2019-09-15;0.5257703382785035
2019-09-16;0.5263644637760907
2019-09-17;0.3783361990651233
2019-09-18;0.512902124645541
2019-09-19;0.3406214582975306
2019-09-20;0.4223557013564911
2019-09-21;0.6480769081313061
2019-09-22;0.5320953941234902
2019-09-23;0.4474773502884235
2019-09-24;0.41249934409211486
2019-09-25;0.38455926932904966
2019-09-26;0.5337274506877623
2019-09-27;0.43984632765088083
2019-09-28;0.34198135305453364
2019-09-29;0.27541039032087944
2019-09-30;0.4359432456614839
2019-10-01;0.5113065889605428
2019-10-02;0.4644049612386959
2019-10-03;0.45030208083482864
2019-10-04;0.4598774426602934
2019-10-05;0.551421643789349
2019-10-06;0.28574159515733205
2019-10-07;0.43273791535169664
2019-10-08;0.3716163249659888
2019-10-09;0.4862637654581423
2019-10-10;0.4299059293262016
2019-10-11;0.4970028039603693
2019-10-12;0.5066005172972543
2019-10-13;0.44727175087471144
2019-10-14;0.43980064649369555
2019-10-15;0.4467836197263538
2019-10-16;0.43374763797408916
2019-10-17;0.5050255924879441
2019-10-18;0.5309381776920892
2019-10-19;0.4060503819421205
2019-10-20;0.40840156114761605
2019-10-21;0.4535814764217405
2019-10-22;0.3844599198122586
2019-10-23;0.5317911578586342
2019-10-24;0.3685460989105926
2019-10-25;0.5342094310298123
2019-10-26;0.49060063346160326
2019-10-27;0.2681873097610406
2019-10-28;0.3962759420219405
2019-10-29;0.4621821448922165
2019-10-30;0.42244244584428203
2019-10-31;0.4679781785327999
2019-11-01;0.5709332552016149
2019-11-02;0.472043184969589
2019-11-03;0.3735701888225594
2019-11-04;0.45391195627855974
2019-11-05;0.48918413081425677
2019-11-06;0.39224362278010827
2019-11-07;0.4246118825250734
2019-11-08;0.5140332368941716
2019-11-09;0.4567566181674938
2019-11-10;0.36337789955843414
2019-11-11;0.4236552843430616
2019-11-12;0.4041279711310532
2019-11-13;0.45369833647996655
2019-11-14;0.48403469411767364
2019-11-15;0.5417912710604069
2019-11-16;0.4187981108202156
2019-11-17;0.690721508086974
2019-11-18;0.4693709063804612
2019-11-19;0.4650229752489882
2019-11-20;0.4339723932500032
2019-11-21;0.5543347127748761
2019-11-22;0.5939552974397428
2019-11-23;0.26482389979088694
2019-11-24;0.3143085850553911
2019-11-25;0.42194237388269273
2019-11-26;0.5337621883668481
2019-11-27;0.540997873112406
2019-11-28;0.5177056714505659
2019-11-29;0.471226999573047
2019-11-30;0.6061184493519376
2019-12-01;0.4599029527319024
2019-12-02;0.43942334236115355
2019-12-03;0.431844867998541
2019-12-04;0.4519670453313013
2019-12-05;0.45400607537264287
2019-12-06;0.4040678728208096
2019-12-07;0.46430564140007685
2019-12-08;0.2101822843631048
2019-12-09;0.261905341512146
2019-12-10;0.45058801019576156
2019-12-11;0.30816225564248884
2019-12-12;0.41813837657878833
2019-12-13;0.4072205686641659
2019-12-14;0.5505623759504412
2019-12-15;0.28686818741844244
2019-12-16;0.40916719822624176
2019-12-17;0.43785001414298963
2019-12-18;0.3689510125293728
2019-12-19;0.4055620554394642
2019-12-20;0.5676417440612365
2019-12-21;0.32927928560021363
2019-12-22;0.1833052780550588
2019-12-23;0.4203697403460471
2019-12-24;0.6101485805358488
2019-12-25;0.49999660321854245
2019-12-26;0.4754751354436369
2019-12-27;0.5095426115779147
2019-12-28;0.14317039965322564
2019-12-29;0.17450956449954855
2019-12-30;0.5002669894918615
2019-12-31;0.653257577481754
2020-01-01;0.9996986389160156
2020-01-02;0.27992059584275397
2020-01-03;0.4327675338634903
2020-01-04;0.3761175307244079
2020-01-05;0.36394215914230565
2020-01-06;0.33157281027505786
2020-01-07;0.6031943817433246
2020-01-08;0.3758426195215874
2020-01-09;0.40515828421662886
2020-01-10;0.4030230850575552
2020-01-11;0.32559736683454693
2020-01-12;0.4284331834013149
2020-01-13;0.42729201761238195
2020-01-14;0.49408371770665394
2020-01-15;0.5152794520108878
2020-01-16;0.4853195737552703
2020-01-17;0.40292002235540914
2020-01-18;0.4133161993037943
2020-01-19;0.4522865216116396
2020-01-20;0.546392410309942
2020-01-21;0.3933958158129216
2020-01-22;0.49951892548106586
2020-01-23;0.3860660817686613
2020-01-24;0.524652184653986
2020-01-25;0.39459725065508167
2020-01-26;0.5801980830729008
2020-01-27;0.4209815967774934
2020-01-28;0.4148999369809377
2020-01-29;0.44832728979966613
2020-01-30;0.4768099947352138
2020-01-31;0.3647079784030555
2020-02-01;0.40329690360238707
2020-02-02;0.39718290365993997
2020-02-03;0.33274537030837575
2020-02-04;0.444799375919593
2020-02-05;0.4928384149000672
2020-02-06;0.4231132981262977
2020-02-07;0.4610881186182705
2020-02-08;0.2557918136203085
2020-02-09;0.500346626661295
2020-02-10;0.521526250403404
2020-02-11;0.3950189154731747
2020-02-12;0.46159378728684697
2020-02-13;0.44560429593150586
2020-02-14;0.4538186386355314
2020-02-15;0.4595008471872638
2020-02-16;0.35732144443971947
2020-02-17;0.47255460032479096
2020-02-18;0.46785549859846587
2020-02-19;0.43436630612672245
2020-02-20;0.3834849727105953
2020-02-21;0.41391711049754015
2020-02-22;0.46122398883939403
2020-02-23;0.5818411936634675
2020-02-24;0.4668333200622657
2020-02-25;0.44328487809908995
2020-02-26;0.40197587624050357
2020-02-27;0.4465116152108485
2020-02-28;0.4244707699314877
2020-02-29;0.36544540077544263
2020-03-01;0.6091061795481407
2020-03-02;0.5217536939668704
2020-03-03;0.4421356259161438
2020-03-04;0.48395830801803674
2020-03-05;0.5163702758220945
2020-03-06;0.358150383418595
2020-03-07;0.31334688387470844
2020-03-08;0.4497756590329977
2020-03-09;0.4072061465273504
2020-03-10;0.34226367878752506
2020-03-11;0.3986017051576712
2020-03-12;0.39840821821985933
2020-03-13;0.3726544204670668
2020-03-14;0.49964464082513194
2020-03-15;0.4112747499426912
2020-03-16;0.3993850921119192
2020-03-17;0.4107584443599588
2020-03-18;0.4211534185834126
2020-03-19;0.34485348006562094
2020-03-20;0.334842731355514
2020-03-21;0.11487463306946931
2020-03-22;0.39957136935231885
2020-03-23;0.3992476233026793
2020-03-24;0.3548575452219619
2020-03-25;0.4021455232821834
2020-03-26;0.3802375359995565
2020-03-27;0.4344644090680123
2020-03-28;0.29265088555313234
2020-03-29;0.346506942659622
2020-03-30;0.3936388912677532
2020-03-31;0.4677772496050453
2020-04-01;0.38509765597576934
2020-04-02;0.4404209448479007
2020-04-03;0.32579674593029334
2020-04-04;0.4042194482840931
2020-04-05;0.28563002260199244
2020-04-06;0.33426230940800833
2020-04-07;0.3984099877210918
2020-04-08;0.35960039625863316
2020-04-09;0.31073298822652334
2020-04-10;0.45182052571414594
2020-04-11;0.3804727676110811
2020-04-12;0.3078042739877939
2020-04-13;0.3708563095326714
2020-04-14;0.2859156982687976
2020-04-15;0.41757414770798834
2020-04-16;0.4372616390731898
2020-04-17;0.4389960091387758
2020-04-18;0.3525772928446305
2020-04-19;0.45485397092981317
2020-04-20;0.3704795904878072
2020-04-21;0.43389822943986106
2020-04-22;0.38584408614402455
2020-04-23;0.4907718240285857
2020-04-24;0.43162642158460357
2020-04-25;0.25229562337437794
2020-04-26;0.31165503449138016
2020-04-27;0.39593501028723915
2020-04-28;0.3934241617222859
2020-04-29;0.41606750688197996
2020-04-30;0.32964501524278195
2020-05-01;0.6413521168715685
2020-05-02;0.6151859698943977
2020-05-03;0.2889448403429924
2020-05-04;0.42637970913321743
2020-05-05;0.3765072740353822
2020-05-06;0.3846038761200986
2020-05-07;0.39543697010767664
2020-05-08;0.51844209827465
2020-05-09;0.3768124684405798
2020-05-10;0.47622546451046927
2020-05-11;0.42471347632244244
2020-05-12;0.4682707282727325
2020-05-13;0.408935646348497
2020-05-14;0.3932219984687073
2020-05-15;0.3964265195067032
2020-05-16;0.43647125891913263
2020-05-17;0.2868150228287877
2020-05-18;0.38588806012086196
2020-05-19;0.3745916736773994
